approval_id,opportunity_id,approval_type,requested_by_user_id,approver_user_id,requested_at,decision_at,approval_status,requested_discount_pct,exception_details,business_justification,approver_comments
APR0000001,OPP0177,Discount,USR012,USR004,2026-09-09 08:25:58,2026-09-11 05:25:58,Approved,15.2,Recurring subscription discount requested at 15.2%,Customer requested flexibility to meet procurement requirements,Approved based on documented business case
APR0000002,OPP0127,Payment Terms,USR010,USR024,2025-12-18 01:25:29,2025-12-18 12:25:29,Approved,,Requested Other terms / Quarterly billing,Multi-year commitment with expansion potential,Approved for this transaction only
APR0000003,OPP0360,Discount,USR012,USR002,2026-09-14 10:00:00,2026-09-14 11:00:00,Approved,21.4,Recurring subscription discount requested at 21.4%,Expanded product scope supports the requested concession,Approved as requested
APR0000004,OPP0207,Payment Terms,USR010,USR024,2026-09-15 14:00:00,2026-09-15 15:00:00,Approved,,Requested Net 60 terms / Annual in Advance billing,Competitive situation with a strategic prospect,Approved with no additional concessions
APR0000005,OPP0088,Customer Fit,USR011,USR002,2026-09-14 06:00:00,2026-09-15 01:00:00,Approved,,Prospect falls outside standard target-market boundaries,Customer requested flexibility to meet procurement requirements,Approved as requested
APR0000006,OPP0153,Discount,USR009,USR004,2024-06-09 18:33:11,2024-06-11 03:33:11,Approved,14,Recurring subscription discount requested at 14.0%,Multi-year commitment with expansion potential,Approved based on documented business case
APR0000007,OPP0050,Discount,USR010,USR002,2026-01-24 12:25:25,2026-01-26 00:25:25,Approved,22.7,Recurring subscription discount requested at 22.7%,Multi-year commitment with expansion potential,Approved as requested
APR0000008,OPP0081,Discount,USR005,USR003,2025-11-10 18:45:36,2025-11-11 17:45:36,Approved,19.5,Recurring subscription discount requested at 19.5%,Strategic logo with strong reference potential,Approved based on documented business case
APR0000009,OPP0311,Custom Pricing,USR006,USR017,2024-01-08 00:21:05,2024-01-09 16:21:05,Approved,,Nonstandard/custom pricing arrangement requested,Competitive situation with a strategic prospect,Approved with no additional concessions
APR0000010,OPP0408,Discount,USR005,USR017,2026-09-08 03:30:58,2026-09-08 20:30:58,Approved,21.7,Recurring subscription discount requested at 21.7%,Multi-year commitment with expansion potential,Approved with no additional concessions
APR0000011,OPP0309,Payment Terms,USR011,USR024,2026-09-10 13:00:00,2026-09-11 07:00:00,Approved,,Requested Net 60 terms / Other billing,Expanded product scope supports the requested concession,Approved for this transaction only
APR0000012,OPP0094,Custom Pricing,USR009,USR017,2025-09-20 16:52:36,2025-09-21 10:52:36,Approved,,Nonstandard/custom pricing arrangement requested,Expanded product scope supports the requested concession,Approved based on documented business case
APR0000013,OPP0049,Custom Pricing,USR009,USR017,2023-10-21 07:02:15,2023-10-21 23:02:15,Approved,,Nonstandard/custom pricing arrangement requested,Multi-year commitment with expansion potential,Approved as requested
APR0000014,OPP0133,Payment Terms,USR011,USR024,2023-03-17 20:42:05,2023-03-19 01:42:05,Approved,,Requested Net 30 terms / Monthly billing,Commercial exception needed to keep the deal on schedule,Approved based on documented business case
APR0000015,OPP0018,Discount,USR010,USR004,2026-06-11 23:54:10,2026-06-13 03:54:10,Approved,12.6,Recurring subscription discount requested at 12.6%,Customer requested flexibility to meet procurement requirements,Approved for this transaction only
APR0000016,OPP0041,Discount,USR011,USR001,2023-01-24 01:17:21,2023-01-24 06:17:21,Approved,29.1,Recurring subscription discount requested at 29.1%,Expanded product scope supports the requested concession,Approved based on documented business case
APR0000017,OPP0159,Payment Terms,USR010,USR024,2025-02-17 01:16:18,2025-02-17 18:16:18,Approved,,Requested Other terms / Annual in Advance billing,Strategic logo with strong reference potential,Approved for this transaction only
APR0000018,OPP0367,Implementation Discount,USR005,USR017,2026-05-01 03:25:18,2026-05-01 04:25:18,Approved,23.7,Implementation fee discount requested at 23.7%,Multi-year commitment with expansion potential,Approved as requested
APR0000019,OPP0149,Payment Terms,USR010,USR024,2026-07-23 07:47:54,2026-07-24 20:47:54,Approved,,Requested Net 30 terms / Quarterly billing,Competitive situation with a strategic prospect,Approved as requested
APR0000020,OPP0151,Custom Pricing,USR012,USR017,2025-12-21 00:23:46,2025-12-22 21:23:46,Approved,,Nonstandard/custom pricing arrangement requested,Commercial exception needed to keep the deal on schedule,Approved based on documented business case
APR0000021,OPP0210,Discount,USR009,USR004,2022-12-19 15:38:38,2022-12-19 21:38:38,Approved,10.5,Recurring subscription discount requested at 10.5%,Strategic logo with strong reference potential,Approved as requested
APR0000022,OPP0358,Discount,USR011,USR002,2025-12-18 11:52:38,2025-12-20 10:52:38,Approved,22.6,Recurring subscription discount requested at 22.6%,Multi-year commitment with expansion potential,Approved for this transaction only
APR0000023,OPP0138,Discount,USR010,USR017,2026-06-11 16:10:19,2026-06-12 16:10:19,Approved,22.2,Recurring subscription discount requested at 22.2%,Competitive situation with a strategic prospect,Approved based on documented business case
APR0000024,OPP0203,Discount,USR007,USR017,2026-09-08 03:00:00,2026-09-09 15:00:00,Approved,23.8,Recurring subscription discount requested at 23.8%,Strategic logo with strong reference potential,Approved for this transaction only
APR0000025,OPP0004,Payment Terms,USR006,USR024,2025-12-26 15:10:38,2025-12-27 13:10:38,Approved,,Requested Other terms / Annual in Advance billing,Competitive situation with a strategic prospect,Approved as requested
APR0000026,OPP0272,Discount,USR011,USR004,2026-09-06 13:00:00,2026-09-08 01:00:00,Approved,14.1,Recurring subscription discount requested at 14.1%,Customer requested flexibility to meet procurement requirements,Approved based on documented business case
APR0000027,OPP0252,Discount,USR006,USR001,2023-01-27 19:45:20,2023-01-28 22:45:20,Approved,34.4,Recurring subscription discount requested at 34.4%,Commercial exception needed to keep the deal on schedule,Approved with no additional concessions
APR0000028,OPP0170,Discount,USR005,USR003,2025-11-04 19:58:29,2025-11-05 14:58:29,Approved,12.7,Recurring subscription discount requested at 12.7%,Competitive situation with a strategic prospect,Approved for this transaction only
APR0000029,OPP0291,Payment Terms,USR007,USR024,2024-10-18 11:37:50,2024-10-19 15:37:50,Approved,,Requested Net 45 terms / Annual in Advance billing,Commercial exception needed to keep the deal on schedule,Approved as requested
APR0000030,OPP0129,Discount,USR006,USR017,2026-09-21 00:00:00,2026-09-22 02:00:00,Approved,22.8,Recurring subscription discount requested at 22.8%,Competitive situation with a strategic prospect,Approved based on documented business case
APR0000031,OPP0034,Discount,USR010,USR024,2026-08-14 12:20:58,2026-08-14 19:20:58,Approved,32.6,Recurring subscription discount requested at 32.6%,Customer requested flexibility to meet procurement requirements,Approved based on documented business case
APR0000032,OPP0062,Discount,USR012,USR004,2026-08-16 18:25:13,2026-08-18 10:25:13,Approved,17.2,Recurring subscription discount requested at 17.2%,Expanded product scope supports the requested concession,Approved as requested
APR0000033,OPP0268,Customer Fit,USR005,USR002,2026-03-09 10:44:21,2026-03-10 06:44:21,Approved,,Prospect falls outside standard target-market boundaries,Multi-year commitment with expansion potential,Approved as requested
APR0000034,OPP0228,Discount,USR012,USR002,2026-07-13 19:03:28,2026-07-14 13:03:28,Approved,23,Recurring subscription discount requested at 23.0%,Strategic logo with strong reference potential,Approved with no additional concessions
APR0000035,OPP0110,Discount,USR009,USR004,2026-09-22 09:00:00,,Pending,13.3,Recurring subscription discount requested at 13.3%,Customer requested flexibility to meet procurement requirements,
APR0000036,OPP0222,Custom Pricing,USR011,USR017,2025-02-12 17:48:37,2025-02-13 01:48:37,Approved,,Nonstandard/custom pricing arrangement requested,Strategic logo with strong reference potential,Approved based on documented business case
APR0000037,OPP0196,Payment Terms,USR011,USR024,2026-06-15 04:12:03,2026-06-16 03:12:03,Approved,,Requested Net 45 terms / Annual in Advance billing,Competitive situation with a strategic prospect,Approved for this transaction only
APR0000038,OPP0026,Payment Terms,USR011,USR024,2023-04-15 06:38:00,2023-04-17 04:38:00,Approved,,Requested Other terms / Annual in Advance billing,Customer requested flexibility to meet procurement requirements,Approved as requested
APR0000039,OPP0016,Payment Terms,USR012,USR024,2023-12-12 18:50:18,2023-12-14 08:50:18,Approved,,Requested Net 60 terms / Annual in Advance billing,Strategic logo with strong reference potential,Approved with no additional concessions
APR0000040,OPP0315,Payment Terms,USR010,USR024,2026-09-13 03:22:57,2026-09-13 20:22:57,Approved,,Requested Net 60 terms / Annual in Advance billing,Commercial exception needed to keep the deal on schedule,Approved for this transaction only
APR0000041,OPP0208,Payment Terms,USR009,USR024,2026-06-09 13:42:03,2026-06-11 02:42:03,Approved,,Requested Net 60 terms / Annual in Advance billing,Strategic logo with strong reference potential,Approved based on documented business case
APR0000042,OPP0366,Discount,USR012,USR024,2025-01-07 08:19:42,2025-01-09 03:19:42,Approved,39.9,Recurring subscription discount requested at 39.9%,Strategic logo with strong reference potential,Approved with no additional concessions
APR0000043,OPP0295,Discount,USR006,USR003,2023-09-24 05:46:48,2023-09-24 23:46:48,Approved,14.5,Recurring subscription discount requested at 14.5%,Expanded product scope supports the requested concession,Approved for this transaction only
APR0000044,OPP0308,Discount,USR006,USR017,2025-05-14 03:27:04,2025-05-14 23:27:04,Approved,21.5,Recurring subscription discount requested at 21.5%,Customer requested flexibility to meet procurement requirements,Approved for this transaction only
APR0000045,OPP0116,Discount,USR010,USR001,2023-08-12 01:51:00,2023-08-12 11:51:00,Approved,34.4,Recurring subscription discount requested at 34.4%,Competitive situation with a strategic prospect,Approved with no additional concessions
APR0000046,OPP0370,Discount,USR010,USR004,2026-08-25 23:00:00,2026-08-26 03:00:00,Rejected,14.2,Recurring subscription discount requested at 14.2%,Customer requested flexibility to meet procurement requirements,Rejected; concession exceeds acceptable commercial threshold
APR0000047,OPP0335,Custom Pricing,USR012,USR017,2026-08-31 12:53:56,2026-09-01 09:53:56,Approved,,Nonstandard/custom pricing arrangement requested,Expanded product scope supports the requested concession,Approved as requested
APR0000048,OPP0136,Discount,USR010,USR017,2025-12-25 19:40:11,2025-12-27 00:40:11,Approved,21.4,Recurring subscription discount requested at 21.4%,Strategic logo with strong reference potential,Approved based on documented business case
APR0000049,OPP0298,Payment Terms,USR010,USR024,2026-07-06 14:47:53,2026-07-06 15:47:53,Approved,,Requested Net 30 terms / Monthly billing,Multi-year commitment with expansion potential,Approved based on documented business case
APR0000050,OPP0080,Payment Terms,USR009,USR024,2026-09-15 00:00:00,2026-09-16 15:00:00,Approved,,Requested Net 45 terms / Annual in Advance billing,Customer requested flexibility to meet procurement requirements,Approved for this transaction only
APR0000051,OPP0376,Payment Terms,USR010,USR024,2025-06-14 19:20:02,2025-06-16 08:20:02,Approved,,Requested Net 60 terms / Annual in Advance billing,Strategic logo with strong reference potential,Approved for this transaction only
APR0000052,OPP0074,Payment Terms,USR011,USR024,2025-08-16 09:40:28,2025-08-16 23:40:28,Approved,,Requested Net 45 terms / Annual in Advance billing,Competitive situation with a strategic prospect,Approved based on documented business case
APR0000053,OPP0154,Discount,USR005,USR003,2023-03-27 22:55:25,2023-03-29 22:55:25,Rejected,10.5,Recurring subscription discount requested at 10.5%,Multi-year commitment with expansion potential,Rejected; insufficient business justification
APR0000054,OPP0160,Discount,USR012,USR002,2026-09-13 20:43:34,2026-09-13 21:43:34,Approved,22.9,Recurring subscription discount requested at 22.9%,Customer requested flexibility to meet procurement requirements,Approved based on documented business case
APR0000055,OPP0215,Payment Terms,USR006,USR024,2026-02-01 23:57:18,2026-02-02 03:57:18,Approved,,Requested Net 30 terms / Monthly billing,Multi-year commitment with expansion potential,Approved as requested
APR0000056,OPP0371,Implementation Discount,USR010,USR017,2026-09-09 03:03:05,2026-09-10 10:03:05,Approved,28.7,Implementation fee discount requested at 28.7%,Competitive situation with a strategic prospect,Approved as requested
APR0000057,OPP0340,Discount,USR007,USR003,2026-09-01 03:43:06,2026-09-03 03:43:06,Approved,15.1,Recurring subscription discount requested at 15.1%,Expanded product scope supports the requested concession,Approved as requested
APR0000058,OPP0312,Discount,USR012,USR004,2025-12-26 21:38:43,2025-12-27 11:38:43,Approved,14,Recurring subscription discount requested at 14.0%,Multi-year commitment with expansion potential,Approved with no additional concessions
APR0000059,OPP0276,Discount,USR009,USR001,2024-04-09 20:44:13,2024-04-10 10:44:13,Approved,26.3,Recurring subscription discount requested at 26.3%,Strategic logo with strong reference potential,Approved based on documented business case
APR0000060,OPP0096,Discount,USR007,USR017,2024-08-28 20:02:08,2024-08-29 15:02:08,Approved,24.7,Recurring subscription discount requested at 24.7%,Customer requested flexibility to meet procurement requirements,Approved based on documented business case
APR0000061,OPP0086,Discount,USR008,USR017,2023-04-18 20:33:04,2023-04-19 14:33:04,Approved,21,Recurring subscription discount requested at 21.0%,Strategic logo with strong reference potential,Approved with no additional concessions
APR0000062,OPP0221,Discount,USR008,USR002,2026-09-08 21:04:40,2026-09-10 08:04:40,Approved,24.1,Recurring subscription discount requested at 24.1%,Commercial exception needed to keep the deal on schedule,Approved with no additional concessions
APR0000063,OPP0225,Custom Pricing,USR006,USR017,2026-08-19 18:41:29,2026-08-21 08:41:29,Approved,,Nonstandard/custom pricing arrangement requested,Commercial exception needed to keep the deal on schedule,Approved for this transaction only
APR0000064,OPP0043,Implementation Discount,USR011,USR017,2026-09-11 10:44:21,2026-09-13 09:44:21,Approved,23.6,Implementation fee discount requested at 23.6%,Competitive situation with a strategic prospect,Approved with no additional concessions
APR0000065,OPP0280,Discount,USR005,USR002,2024-02-09 09:55:23,2024-02-10 01:55:23,Approved,23.6,Recurring subscription discount requested at 23.6%,Multi-year commitment with expansion potential,Approved as requested
APR0000066,OPP0101,Customer Fit,USR011,USR002,2026-09-22 09:25:20,2026-09-23 09:25:20,Approved,,Prospect falls outside standard target-market boundaries,Multi-year commitment with expansion potential,Approved as requested
APR0000067,OPP0249,Payment Terms,USR008,USR024,2026-08-19 20:45:05,2026-08-21 10:45:05,Rejected,,Requested Net 30 terms / Monthly billing,Expanded product scope supports the requested concession,Rejected; concession exceeds acceptable commercial threshold
APR0000068,OPP0025,Implementation Discount,USR012,USR017,2022-08-22 18:39:06,2022-08-24 15:39:06,Approved,24.8,Implementation fee discount requested at 24.8%,Strategic logo with strong reference potential,Approved as requested
APR0000069,OPP0279,Discount,USR005,USR002,2026-09-10 15:00:00,2026-09-11 02:00:00,Approved,23.1,Recurring subscription discount requested at 23.1%,Expanded product scope supports the requested concession,Approved for this transaction only
APR0000070,OPP0254,Discount,USR011,USR004,2024-09-20 20:58:44,2024-09-22 00:58:44,Approved,11.3,Recurring subscription discount requested at 11.3%,Commercial exception needed to keep the deal on schedule,Approved as requested
APR0000071,OPP0359,Contract Terms,USR005,USR025,2026-04-26 23:07:59,2026-04-27 20:07:59,Approved,,Customer requested changes to standard contract language,Competitive situation with a strategic prospect,Approved as requested
APR0000072,OPP0037,Contract Terms,USR009,USR025,2024-09-09 06:19:06,2024-09-10 14:19:06,Approved,,Customer requested changes to standard contract language,Commercial exception needed to keep the deal on schedule,Approved based on documented business case
APR0000073,OPP0105,Discount,USR007,USR002,2026-02-01 17:55:50,2026-02-03 09:55:50,Approved,22.1,Recurring subscription discount requested at 22.1%,Competitive situation with a strategic prospect,Approved for this transaction only
APR0000074,OPP0124,Discount,USR011,USR004,2023-11-01 05:16:21,2023-11-03 00:16:21,Approved,17.2,Recurring subscription discount requested at 17.2%,Commercial exception needed to keep the deal on schedule,Approved as requested
APR0000075,OPP0153,Payment Terms,USR009,USR024,2024-06-07 14:33:11,2024-06-09 14:33:11,Approved,,Requested Net 30 terms / Quarterly billing,Expanded product scope supports the requested concession,Approved based on documented business case
APR0000076,OPP0396,Custom Pricing,USR006,USR017,2026-09-21 13:00:00,,Pending,,Nonstandard/custom pricing arrangement requested,Competitive situation with a strategic prospect,
APR0000077,OPP0360,Customer Fit,USR012,USR002,2026-09-16 07:00:00,2026-09-17 13:00:00,Approved,,Prospect falls outside standard target-market boundaries,Customer requested flexibility to meet procurement requirements,Approved as requested
APR0000078,OPP0422,Payment Terms,USR010,USR024,2025-11-17 05:45:44,2025-11-17 09:45:44,Approved,,Requested Net 60 terms / Annual in Advance billing,Expanded product scope supports the requested concession,Approved as requested
APR0000079,OPP0037,Discount,USR009,USR017,2024-09-07 09:19:06,2024-09-09 09:19:06,Approved,23.8,Recurring subscription discount requested at 23.8%,Multi-year commitment with expansion potential,Approved for this transaction only
APR0000080,OPP0032,Payment Terms,USR008,USR024,2026-09-10 08:00:00,2026-09-10 22:00:00,Approved,,Requested Net 45 terms / Annual in Advance billing,Customer requested flexibility to meet procurement requirements,Approved for this transaction only
APR0000081,OPP0103,Payment Terms,USR008,USR024,2026-03-02 21:06:06,2026-03-04 03:06:06,Approved,,Requested Net 45 terms / Annual in Advance billing,Customer requested flexibility to meet procurement requirements,Approved based on documented business case
APR0000082,OPP0180,Discount,USR008,USR002,2025-11-15 18:12:33,2025-11-16 15:12:33,Approved,20.9,Recurring subscription discount requested at 20.9%,Expanded product scope supports the requested concession,Approved based on documented business case
APR0000083,OPP0120,Discount,USR010,USR004,2026-09-10 17:03:23,2026-09-12 15:03:23,Approved,18.1,Recurring subscription discount requested at 18.1%,Strategic logo with strong reference potential,Approved based on documented business case
APR0000084,OPP0400,Custom Pricing,USR010,USR017,2026-08-30 09:00:00,,Pending,,Nonstandard/custom pricing arrangement requested,Commercial exception needed to keep the deal on schedule,
APR0000085,OPP0189,Discount,USR011,USR024,2025-04-22 04:04:46,2025-04-22 08:04:46,Approved,35.2,Recurring subscription discount requested at 35.2%,Commercial exception needed to keep the deal on schedule,Approved as requested
APR0000086,OPP0391,Discount,USR010,USR017,2026-09-07 12:00:00,2026-09-07 13:00:00,Approved,24.3,Recurring subscription discount requested at 24.3%,Strategic logo with strong reference potential,Approved as requested
APR0000087,OPP0028,Contract Terms,USR009,USR025,2026-07-02 17:04:29,2026-07-04 13:04:29,Approved,,Customer requested changes to standard contract language,Strategic logo with strong reference potential,Approved as requested
APR0000088,OPP0121,Payment Terms,USR008,USR024,2026-09-08 17:09:37,2026-09-09 22:09:37,Approved,,Requested Other terms / Annual in Advance billing,Expanded product scope supports the requested concession,Approved as requested
APR0000089,OPP0295,Payment Terms,USR006,USR024,2023-09-24 16:46:48,2023-09-25 05:46:48,Approved,,Requested Net 60 terms / Annual in Advance billing,Multi-year commitment with expansion potential,Approved for this transaction only
APR0000090,OPP0198,Contract Terms,USR009,USR025,2026-08-03 14:21:52,2026-08-05 11:21:52,Approved,,Customer requested changes to standard contract language,Competitive situation with a strategic prospect,Approved based on documented business case
APR0000091,OPP0262,Payment Terms,USR010,USR024,2026-06-03 07:23:01,2026-06-03 16:23:01,Approved,,Requested Net 45 terms / Annual in Advance billing,Commercial exception needed to keep the deal on schedule,Approved with no additional concessions
APR0000092,OPP0028,Payment Terms,USR009,USR024,2026-06-30 19:04:29,2026-07-02 12:04:29,Approved,,Requested Net 45 terms / Annual in Advance billing,Customer requested flexibility to meet procurement requirements,Approved for this transaction only
APR0000093,OPP0268,Discount,USR005,USR001,2026-03-11 01:44:21,2026-03-12 02:44:21,Approved,27.9,Recurring subscription discount requested at 27.9%,Competitive situation with a strategic prospect,Approved based on documented business case
APR0000094,OPP0366,Payment Terms,USR012,USR024,2025-01-07 10:19:42,2025-01-08 08:19:42,Approved,,Requested Net 45 terms / Annual in Advance billing,Multi-year commitment with expansion potential,Approved for this transaction only
APR0000095,OPP0072,Discount,USR007,USR024,2026-08-28 13:00:00,2026-08-29 13:00:00,Approved,31.9,Recurring subscription discount requested at 31.9%,Expanded product scope supports the requested concession,Approved for this transaction only
APR0000096,OPP0228,Implementation Discount,USR012,USR017,2026-07-11 05:03:28,2026-07-12 12:03:28,Approved,24.2,Implementation fee discount requested at 24.2%,Competitive situation with a strategic prospect,Approved for this transaction only
APR0000097,OPP0369,Payment Terms,USR008,USR024,2026-09-13 21:00:00,2026-09-14 21:00:00,Approved,,Requested Net 30 terms / Other billing,Competitive situation with a strategic prospect,Approved as requested
APR0000098,OPP0352,Customer Fit,USR006,USR002,2026-09-21 02:00:00,2026-09-22 10:00:00,Approved,,Prospect falls outside standard target-market boundaries,Competitive situation with a strategic prospect,Approved for this transaction only
APR0000099,OPP0007,Discount,USR007,USR002,2026-06-25 10:43:10,2026-06-26 16:43:10,Approved,24.9,Recurring subscription discount requested at 24.9%,Customer requested flexibility to meet procurement requirements,Approved based on documented business case
APR0000100,OPP0011,Discount,USR009,USR004,2026-09-03 22:00:00,2026-09-04 21:00:00,Approved,18.1,Recurring subscription discount requested at 18.1%,Competitive situation with a strategic prospect,Approved with no additional concessions
APR0000101,OPP0026,Discount,USR011,USR004,2023-04-15 00:38:00,2023-04-15 04:38:00,Approved,18.2,Recurring subscription discount requested at 18.2%,Customer requested flexibility to meet procurement requirements,Approved based on documented business case
APR0000102,OPP0268,Discount,USR005,USR024,2026-03-11 03:44:21,2026-03-12 01:44:21,Approved,27.9,Recurring subscription discount requested at 27.9%,Expanded product scope supports the requested concession,Approved based on documented business case
APR0000103,OPP0200,Payment Terms,USR007,USR024,2026-07-16 03:47:11,2026-07-17 09:47:11,Approved,,Requested Net 60 terms / Annual in Advance billing,Competitive situation with a strategic prospect,Approved based on documented business case
APR0000104,OPP0037,Payment Terms,USR009,USR024,2024-09-07 00:19:06,2024-09-07 15:19:06,Approved,,Requested Net 60 terms / Annual in Advance billing,Multi-year commitment with expansion potential,Approved as requested
APR0000105,OPP0273,Discount,USR010,USR017,2026-09-14 20:00:00,2026-09-16 11:00:00,Approved,22.1,Recurring subscription discount requested at 22.1%,Strategic logo with strong reference potential,Approved as requested
APR0000106,OPP0189,Discount,USR011,USR001,2025-04-21 07:04:46,2025-04-23 07:04:46,Approved,35.2,Recurring subscription discount requested at 35.2%,Commercial exception needed to keep the deal on schedule,Approved based on documented business case
APR0000107,OPP0027,Discount,USR008,USR002,2026-06-28 03:52:13,,Pending,23.9,Recurring subscription discount requested at 23.9%,Competitive situation with a strategic prospect,
APR0000108,OPP0067,Payment Terms,USR010,USR024,2024-02-10 04:33:01,2024-02-10 21:33:01,Approved,,Requested Net 45 terms / Annual in Advance billing,Expanded product scope supports the requested concession,Approved for this transaction only
APR0000109,OPP0408,Discount,USR005,USR002,2026-09-08 23:30:58,2026-09-10 16:30:58,Approved,21.7,Recurring subscription discount requested at 21.7%,Customer requested flexibility to meet procurement requirements,Approved based on documented business case
APR0000110,OPP0170,Payment Terms,USR005,USR024,2025-11-03 13:58:29,2025-11-04 05:58:29,Approved,,Requested Net 60 terms / Annual in Advance billing,Multi-year commitment with expansion potential,Approved based on documented business case
APR0000111,OPP0216,Discount,USR009,USR004,2026-06-04 03:15:43,2026-06-04 14:15:43,Approved,14.1,Recurring subscription discount requested at 14.1%,Multi-year commitment with expansion potential,Approved as requested
APR0000112,OPP0077,Payment Terms,USR009,USR024,2023-12-08 08:06:36,2023-12-08 23:06:36,Rejected,,Requested Net 30 terms / Quarterly billing,Expanded product scope supports the requested concession,Rejected pending revised terms
APR0000113,OPP0299,Discount,USR006,USR001,2026-08-27 22:00:00,2026-08-28 04:00:00,Rejected,32.4,Recurring subscription discount requested at 32.4%,Strategic logo with strong reference potential,Rejected; concession exceeds acceptable commercial threshold
APR0000114,OPP0414,Discount,USR012,USR004,2026-07-23 13:15:16,2026-07-23 20:15:16,Approved,16.2,Recurring subscription discount requested at 16.2%,Strategic logo with strong reference potential,Approved for this transaction only
APR0000115,OPP0050,Discount,USR010,USR017,2026-01-24 12:25:25,2026-01-25 16:25:25,Approved,22.7,Recurring subscription discount requested at 22.7%,Strategic logo with strong reference potential,Approved for this transaction only
APR0000116,OPP0358,Discount,USR011,USR017,2025-12-20 21:52:38,2025-12-22 01:52:38,Approved,22.6,Recurring subscription discount requested at 22.6%,Multi-year commitment with expansion potential,Approved with no additional concessions
APR0000117,OPP0066,Custom Pricing,USR008,USR017,2025-11-01 00:47:16,2025-11-01 23:47:16,Approved,,Nonstandard/custom pricing arrangement requested,Customer requested flexibility to meet procurement requirements,Approved with no additional concessions
APR0000118,OPP0413,Payment Terms,USR012,USR024,2026-06-20 04:42:46,2026-06-22 01:42:46,Approved,,Requested Net 60 terms / Annual in Advance billing,Commercial exception needed to keep the deal on schedule,Approved with no additional concessions
APR0000119,OPP0249,Discount,USR008,USR017,2026-08-21 10:45:05,2026-08-23 10:45:05,Approved,21.1,Recurring subscription discount requested at 21.1%,Strategic logo with strong reference potential,Approved for this transaction only
APR0000120,OPP0088,Discount,USR011,USR004,2026-09-15 18:00:00,2026-09-17 17:00:00,Approved,16.3,Recurring subscription discount requested at 16.3%,Commercial exception needed to keep the deal on schedule,Approved based on documented business case
APR0000121,OPP0071,Discount,USR012,USR004,2026-09-11 17:00:00,2026-09-13 08:00:00,Approved,19.6,Recurring subscription discount requested at 19.6%,Expanded product scope supports the requested concession,Approved as requested
APR0000122,OPP0411,Payment Terms,USR010,USR024,2026-09-21 22:00:00,2026-09-22 17:00:00,Approved,,Requested Net 30 terms / Monthly billing,Commercial exception needed to keep the deal on schedule,Approved with no additional concessions
APR0000123,OPP0352,Implementation Discount,USR006,USR017,2026-09-21 16:00:00,2026-09-21 18:00:00,Approved,25.5,Implementation fee discount requested at 25.5%,Customer requested flexibility to meet procurement requirements,Approved as requested
APR0000124,OPP0097,Discount,USR007,USR003,2026-08-05 06:29:57,2026-08-06 20:29:57,Approved,11.9,Recurring subscription discount requested at 11.9%,Competitive situation with a strategic prospect,Approved as requested
APR0000125,OPP0279,Payment Terms,USR005,USR024,2026-09-10 19:00:00,2026-09-12 05:00:00,Approved,,Requested Net 30 terms / Quarterly billing,Customer requested flexibility to meet procurement requirements,Approved based on documented business case
