opportunity_product_id,opportunity_id,product_id,quantity,standard_unit_price,line_list_value
OPPPROD0001,OPP0001,PROD007,1,6000,6000
OPPPROD0002,OPP0002,PROD001,1,12000,12000
OPPPROD0003,OPP0002,PROD004,2,4000,8000
OPPPROD0004,OPP0002,PROD005,1,8000,8000
OPPPROD0005,OPP0002,PROD008,1,5000,5000
OPPPROD0006,OPP0003,PROD002,1,30000,30000
OPPPROD0007,OPP0003,PROD009,1,10000,10000
OPPPROD0008,OPP0004,PROD001,1,12000,12000
OPPPROD0009,OPP0004,PROD006,1,12000,12000
OPPPROD0010,OPP0004,PROD008,1,5000,5000
OPPPROD0011,OPP0005,PROD003,1,60000,60000
OPPPROD0012,OPP0005,PROD004,5,4000,20000
OPPPROD0013,OPP0005,PROD005,1,8000,8000
OPPPROD0014,OPP0005,PROD010,1,20000,20000
OPPPROD0015,OPP0006,PROD003,1,60000,60000
OPPPROD0016,OPP0006,PROD004,5,4000,20000
OPPPROD0017,OPP0006,PROD005,1,8000,8000
OPPPROD0018,OPP0006,PROD006,1,12000,12000
OPPPROD0019,OPP0006,PROD010,1,20000,20000
OPPPROD0020,OPP0007,PROD001,1,12000,12000
OPPPROD0021,OPP0007,PROD008,1,5000,5000
OPPPROD0022,OPP0008,PROD002,1,30000,30000
OPPPROD0023,OPP0008,PROD004,2,4000,8000
OPPPROD0024,OPP0008,PROD009,1,10000,10000
OPPPROD0025,OPP0009,PROD003,1,60000,60000
OPPPROD0026,OPP0009,PROD004,5,4000,20000
OPPPROD0027,OPP0009,PROD007,1,6000,6000
OPPPROD0028,OPP0009,PROD010,1,20000,20000
OPPPROD0029,OPP0010,PROD001,1,12000,12000
OPPPROD0030,OPP0010,PROD005,1,8000,8000
OPPPROD0031,OPP0010,PROD008,1,5000,5000
OPPPROD0032,OPP0011,PROD003,1,60000,60000
OPPPROD0033,OPP0011,PROD006,1,12000,12000
OPPPROD0034,OPP0011,PROD007,1,6000,6000
OPPPROD0035,OPP0011,PROD010,1,20000,20000
OPPPROD0036,OPP0012,PROD001,1,12000,12000
OPPPROD0037,OPP0012,PROD005,1,8000,8000
OPPPROD0038,OPP0012,PROD008,1,5000,5000
OPPPROD0039,OPP0013,PROD001,1,12000,12000
OPPPROD0040,OPP0013,PROD007,1,6000,6000
OPPPROD0041,OPP0013,PROD008,1,5000,5000
OPPPROD0042,OPP0014,PROD002,1,30000,30000
OPPPROD0043,OPP0014,PROD006,1,12000,12000
OPPPROD0044,OPP0014,PROD009,1,10000,10000
OPPPROD0045,OPP0015,PROD003,1,60000,60000
OPPPROD0046,OPP0015,PROD005,1,8000,8000
OPPPROD0047,OPP0015,PROD010,1,20000,20000
OPPPROD0048,OPP0016,PROD002,1,30000,30000
OPPPROD0049,OPP0016,PROD006,1,12000,12000
OPPPROD0050,OPP0016,PROD009,1,10000,10000
OPPPROD0051,OPP0017,PROD001,1,12000,12000
OPPPROD0052,OPP0017,PROD004,1,4000,4000
OPPPROD0053,OPP0017,PROD008,1,5000,5000
OPPPROD0054,OPP0018,PROD001,1,12000,12000
OPPPROD0055,OPP0018,PROD005,1,8000,8000
OPPPROD0056,OPP0018,PROD008,1,5000,5000
OPPPROD0057,OPP0019,PROD002,1,30000,30000
OPPPROD0058,OPP0019,PROD009,1,10000,10000
OPPPROD0059,OPP0020,PROD003,1,60000,60000
OPPPROD0060,OPP0020,PROD004,5,4000,20000
OPPPROD0061,OPP0020,PROD005,1,8000,8000
OPPPROD0062,OPP0020,PROD010,1,20000,20000
OPPPROD0063,OPP0021,PROD006,1,12000,12000
OPPPROD0064,OPP0022,PROD001,1,12000,12000
OPPPROD0065,OPP0022,PROD006,1,12000,12000
OPPPROD0066,OPP0022,PROD008,1,5000,5000
OPPPROD0067,OPP0023,PROD001,1,12000,12000
OPPPROD0068,OPP0023,PROD005,1,8000,8000
OPPPROD0069,OPP0023,PROD008,1,5000,5000
OPPPROD0070,OPP0024,PROD002,1,30000,30000
OPPPROD0071,OPP0024,PROD004,4,4000,16000
OPPPROD0072,OPP0024,PROD009,1,10000,10000
OPPPROD0073,OPP0025,PROD003,1,60000,60000
OPPPROD0074,OPP0025,PROD004,5,4000,20000
OPPPROD0075,OPP0025,PROD005,1,8000,8000
OPPPROD0076,OPP0025,PROD010,1,20000,20000
OPPPROD0077,OPP0026,PROD003,1,60000,60000
OPPPROD0078,OPP0026,PROD004,2,4000,8000
OPPPROD0079,OPP0026,PROD010,1,20000,20000
OPPPROD0080,OPP0027,PROD001,1,12000,12000
OPPPROD0081,OPP0027,PROD004,1,4000,4000
OPPPROD0082,OPP0027,PROD006,1,12000,12000
OPPPROD0083,OPP0027,PROD008,1,5000,5000
OPPPROD0084,OPP0028,PROD007,1,6000,6000
OPPPROD0085,OPP0028,PROD004,3,4000,12000
OPPPROD0086,OPP0029,PROD001,1,12000,12000
OPPPROD0087,OPP0029,PROD004,1,4000,4000
OPPPROD0088,OPP0029,PROD005,1,8000,8000
OPPPROD0089,OPP0029,PROD008,1,5000,5000
OPPPROD0090,OPP0030,PROD006,1,12000,12000
OPPPROD0091,OPP0030,PROD007,1,6000,6000
OPPPROD0092,OPP0031,PROD002,1,30000,30000
OPPPROD0093,OPP0031,PROD004,2,4000,8000
OPPPROD0094,OPP0031,PROD009,1,10000,10000
OPPPROD0095,OPP0032,PROD001,1,12000,12000
OPPPROD0096,OPP0032,PROD006,1,12000,12000
OPPPROD0097,OPP0032,PROD007,1,6000,6000
OPPPROD0098,OPP0032,PROD008,1,5000,5000
OPPPROD0099,OPP0033,PROD002,1,30000,30000
OPPPROD0100,OPP0033,PROD009,1,10000,10000
OPPPROD0101,OPP0034,PROD006,1,12000,12000
OPPPROD0102,OPP0035,PROD001,1,12000,12000
OPPPROD0103,OPP0035,PROD006,1,12000,12000
OPPPROD0104,OPP0035,PROD008,1,5000,5000
OPPPROD0105,OPP0036,PROD005,1,8000,8000
OPPPROD0106,OPP0036,PROD006,1,12000,12000
OPPPROD0107,OPP0036,PROD004,3,4000,12000
OPPPROD0108,OPP0037,PROD002,1,30000,30000
OPPPROD0109,OPP0037,PROD004,2,4000,8000
OPPPROD0110,OPP0037,PROD007,1,6000,6000
OPPPROD0111,OPP0037,PROD009,1,10000,10000
OPPPROD0112,OPP0038,PROD005,1,8000,8000
OPPPROD0113,OPP0038,PROD004,5,4000,20000
OPPPROD0114,OPP0039,PROD003,1,60000,60000
OPPPROD0115,OPP0039,PROD004,5,4000,20000
OPPPROD0116,OPP0039,PROD006,1,12000,12000
OPPPROD0117,OPP0039,PROD010,1,20000,20000
OPPPROD0118,OPP0040,PROD001,1,12000,12000
OPPPROD0119,OPP0040,PROD008,1,5000,5000
OPPPROD0120,OPP0041,PROD002,1,30000,30000
OPPPROD0121,OPP0041,PROD005,1,8000,8000
OPPPROD0122,OPP0041,PROD009,1,10000,10000
OPPPROD0123,OPP0042,PROD003,1,60000,60000
OPPPROD0124,OPP0042,PROD010,1,20000,20000
OPPPROD0125,OPP0043,PROD002,1,30000,30000
OPPPROD0126,OPP0043,PROD004,1,4000,4000
OPPPROD0127,OPP0043,PROD009,1,10000,10000
OPPPROD0128,OPP0044,PROD003,1,60000,60000
OPPPROD0129,OPP0044,PROD004,3,4000,12000
OPPPROD0130,OPP0044,PROD005,1,8000,8000
OPPPROD0131,OPP0044,PROD007,1,6000,6000
OPPPROD0132,OPP0044,PROD010,1,20000,20000
OPPPROD0133,OPP0045,PROD002,1,30000,30000
OPPPROD0134,OPP0045,PROD007,1,6000,6000
OPPPROD0135,OPP0045,PROD009,1,10000,10000
OPPPROD0136,OPP0046,PROD002,1,30000,30000
OPPPROD0137,OPP0046,PROD006,1,12000,12000
OPPPROD0138,OPP0046,PROD009,1,10000,10000
OPPPROD0139,OPP0047,PROD001,1,12000,12000
OPPPROD0140,OPP0047,PROD008,1,5000,5000
OPPPROD0141,OPP0048,PROD002,1,30000,30000
OPPPROD0142,OPP0048,PROD005,1,8000,8000
OPPPROD0143,OPP0048,PROD009,1,10000,10000
OPPPROD0144,OPP0049,PROD002,1,30000,30000
OPPPROD0145,OPP0049,PROD004,1,4000,4000
OPPPROD0146,OPP0049,PROD009,1,10000,10000
OPPPROD0147,OPP0050,PROD002,1,30000,30000
OPPPROD0148,OPP0050,PROD004,5,4000,20000
OPPPROD0149,OPP0050,PROD009,1,10000,10000
OPPPROD0150,OPP0051,PROD002,1,30000,30000
OPPPROD0151,OPP0051,PROD004,1,4000,4000
OPPPROD0152,OPP0051,PROD009,1,10000,10000
OPPPROD0153,OPP0052,PROD005,1,8000,8000
OPPPROD0154,OPP0052,PROD004,2,4000,8000
OPPPROD0155,OPP0053,PROD001,1,12000,12000
OPPPROD0156,OPP0053,PROD004,1,4000,4000
OPPPROD0157,OPP0053,PROD007,1,6000,6000
OPPPROD0158,OPP0053,PROD006,1,12000,12000
OPPPROD0159,OPP0053,PROD008,1,5000,5000
OPPPROD0160,OPP0054,PROD002,1,30000,30000
OPPPROD0161,OPP0054,PROD004,3,4000,12000
OPPPROD0162,OPP0054,PROD006,1,12000,12000
OPPPROD0163,OPP0054,PROD009,1,10000,10000
OPPPROD0164,OPP0055,PROD006,1,12000,12000
OPPPROD0165,OPP0056,PROD001,1,12000,12000
OPPPROD0166,OPP0056,PROD008,1,5000,5000
OPPPROD0167,OPP0057,PROD001,1,12000,12000
OPPPROD0168,OPP0057,PROD008,1,5000,5000
OPPPROD0169,OPP0058,PROD002,1,30000,30000
OPPPROD0170,OPP0058,PROD007,1,6000,6000
OPPPROD0171,OPP0058,PROD009,1,10000,10000
OPPPROD0172,OPP0059,PROD002,1,30000,30000
OPPPROD0173,OPP0059,PROD004,2,4000,8000
OPPPROD0174,OPP0059,PROD009,1,10000,10000
OPPPROD0175,OPP0060,PROD001,1,12000,12000
OPPPROD0176,OPP0060,PROD008,1,5000,5000
OPPPROD0177,OPP0061,PROD002,1,30000,30000
OPPPROD0178,OPP0061,PROD004,3,4000,12000
OPPPROD0179,OPP0061,PROD005,1,8000,8000
OPPPROD0180,OPP0061,PROD007,1,6000,6000
OPPPROD0181,OPP0061,PROD009,1,10000,10000
OPPPROD0182,OPP0062,PROD003,1,60000,60000
OPPPROD0183,OPP0062,PROD010,1,20000,20000
OPPPROD0184,OPP0063,PROD001,1,12000,12000
OPPPROD0185,OPP0063,PROD007,1,6000,6000
OPPPROD0186,OPP0063,PROD008,1,5000,5000
OPPPROD0187,OPP0064,PROD005,1,8000,8000
OPPPROD0188,OPP0064,PROD007,1,6000,6000
OPPPROD0189,OPP0065,PROD002,1,30000,30000
OPPPROD0190,OPP0065,PROD006,1,12000,12000
OPPPROD0191,OPP0065,PROD009,1,10000,10000
OPPPROD0192,OPP0066,PROD001,1,12000,12000
OPPPROD0193,OPP0066,PROD008,1,5000,5000
OPPPROD0194,OPP0067,PROD001,1,12000,12000
OPPPROD0195,OPP0067,PROD004,5,4000,20000
OPPPROD0196,OPP0067,PROD006,1,12000,12000
OPPPROD0197,OPP0067,PROD008,1,5000,5000
OPPPROD0198,OPP0068,PROD002,1,30000,30000
OPPPROD0199,OPP0068,PROD004,4,4000,16000
OPPPROD0200,OPP0068,PROD005,1,8000,8000
OPPPROD0201,OPP0068,PROD009,1,10000,10000
OPPPROD0202,OPP0069,PROD001,1,12000,12000
OPPPROD0203,OPP0069,PROD008,1,5000,5000
OPPPROD0204,OPP0070,PROD001,1,12000,12000
OPPPROD0205,OPP0070,PROD004,1,4000,4000
OPPPROD0206,OPP0070,PROD007,1,6000,6000
OPPPROD0207,OPP0070,PROD008,1,5000,5000
OPPPROD0208,OPP0071,PROD001,1,12000,12000
OPPPROD0209,OPP0071,PROD004,5,4000,20000
OPPPROD0210,OPP0071,PROD007,1,6000,6000
OPPPROD0211,OPP0071,PROD008,1,5000,5000
OPPPROD0212,OPP0072,PROD001,1,12000,12000
OPPPROD0213,OPP0072,PROD006,1,12000,12000
OPPPROD0214,OPP0072,PROD008,1,5000,5000
OPPPROD0215,OPP0073,PROD003,1,60000,60000
OPPPROD0216,OPP0073,PROD004,5,4000,20000
OPPPROD0217,OPP0073,PROD005,1,8000,8000
OPPPROD0218,OPP0073,PROD010,1,20000,20000
OPPPROD0219,OPP0074,PROD006,1,12000,12000
OPPPROD0220,OPP0075,PROD001,1,12000,12000
OPPPROD0221,OPP0075,PROD004,1,4000,4000
OPPPROD0222,OPP0075,PROD006,1,12000,12000
OPPPROD0223,OPP0075,PROD005,1,8000,8000
OPPPROD0224,OPP0075,PROD008,1,5000,5000
OPPPROD0225,OPP0076,PROD001,1,12000,12000
OPPPROD0226,OPP0076,PROD004,1,4000,4000
OPPPROD0227,OPP0076,PROD006,1,12000,12000
OPPPROD0228,OPP0076,PROD008,1,5000,5000
OPPPROD0229,OPP0077,PROD007,1,6000,6000
OPPPROD0230,OPP0078,PROD007,1,6000,6000
OPPPROD0231,OPP0079,PROD002,1,30000,30000
OPPPROD0232,OPP0079,PROD005,1,8000,8000
OPPPROD0233,OPP0079,PROD009,1,10000,10000
OPPPROD0234,OPP0080,PROD003,1,60000,60000
OPPPROD0235,OPP0080,PROD006,1,12000,12000
OPPPROD0236,OPP0080,PROD005,1,8000,8000
OPPPROD0237,OPP0080,PROD010,1,20000,20000
OPPPROD0238,OPP0081,PROD001,1,12000,12000
OPPPROD0239,OPP0081,PROD006,1,12000,12000
OPPPROD0240,OPP0081,PROD007,1,6000,6000
OPPPROD0241,OPP0081,PROD008,1,5000,5000
OPPPROD0242,OPP0082,PROD007,1,6000,6000
OPPPROD0243,OPP0082,PROD005,1,8000,8000
OPPPROD0244,OPP0083,PROD002,1,30000,30000
OPPPROD0245,OPP0083,PROD009,1,10000,10000
OPPPROD0246,OPP0084,PROD001,1,12000,12000
OPPPROD0247,OPP0084,PROD007,1,6000,6000
OPPPROD0248,OPP0084,PROD008,1,5000,5000
OPPPROD0249,OPP0085,PROD001,1,12000,12000
OPPPROD0250,OPP0085,PROD006,1,12000,12000
OPPPROD0251,OPP0085,PROD008,1,5000,5000
OPPPROD0252,OPP0086,PROD001,1,12000,12000
OPPPROD0253,OPP0086,PROD008,1,5000,5000
OPPPROD0254,OPP0087,PROD003,1,60000,60000
OPPPROD0255,OPP0087,PROD010,1,20000,20000
OPPPROD0256,OPP0088,PROD003,1,60000,60000
OPPPROD0257,OPP0088,PROD004,5,4000,20000
OPPPROD0258,OPP0088,PROD007,1,6000,6000
OPPPROD0259,OPP0088,PROD006,1,12000,12000
OPPPROD0260,OPP0088,PROD010,1,20000,20000
OPPPROD0261,OPP0089,PROD001,1,12000,12000
OPPPROD0262,OPP0089,PROD008,1,5000,5000
OPPPROD0263,OPP0090,PROD003,1,60000,60000
OPPPROD0264,OPP0090,PROD006,1,12000,12000
OPPPROD0265,OPP0090,PROD005,1,8000,8000
OPPPROD0266,OPP0090,PROD010,1,20000,20000
OPPPROD0267,OPP0091,PROD001,1,12000,12000
OPPPROD0268,OPP0091,PROD004,1,4000,4000
OPPPROD0269,OPP0091,PROD005,1,8000,8000
OPPPROD0270,OPP0091,PROD006,1,12000,12000
OPPPROD0271,OPP0091,PROD008,1,5000,5000
OPPPROD0272,OPP0092,PROD003,1,60000,60000
OPPPROD0273,OPP0092,PROD004,5,4000,20000
OPPPROD0274,OPP0092,PROD006,1,12000,12000
OPPPROD0275,OPP0092,PROD010,1,20000,20000
OPPPROD0276,OPP0093,PROD001,1,12000,12000
OPPPROD0277,OPP0093,PROD006,1,12000,12000
OPPPROD0278,OPP0093,PROD008,1,5000,5000
OPPPROD0279,OPP0094,PROD002,1,30000,30000
OPPPROD0280,OPP0094,PROD004,5,4000,20000
OPPPROD0281,OPP0094,PROD009,1,10000,10000
OPPPROD0282,OPP0095,PROD002,1,30000,30000
OPPPROD0283,OPP0095,PROD006,1,12000,12000
OPPPROD0284,OPP0095,PROD009,1,10000,10000
OPPPROD0285,OPP0096,PROD002,1,30000,30000
OPPPROD0286,OPP0096,PROD007,1,6000,6000
OPPPROD0287,OPP0096,PROD005,1,8000,8000
OPPPROD0288,OPP0096,PROD009,1,10000,10000
OPPPROD0289,OPP0097,PROD006,1,12000,12000
OPPPROD0290,OPP0097,PROD004,2,4000,8000
OPPPROD0291,OPP0098,PROD001,1,12000,12000
OPPPROD0292,OPP0098,PROD004,1,4000,4000
OPPPROD0293,OPP0098,PROD005,1,8000,8000
OPPPROD0294,OPP0098,PROD008,1,5000,5000
OPPPROD0295,OPP0099,PROD002,1,30000,30000
OPPPROD0296,OPP0099,PROD004,2,4000,8000
OPPPROD0297,OPP0099,PROD005,1,8000,8000
OPPPROD0298,OPP0099,PROD009,1,10000,10000
OPPPROD0299,OPP0100,PROD002,1,30000,30000
OPPPROD0300,OPP0100,PROD004,2,4000,8000
OPPPROD0301,OPP0100,PROD007,1,6000,6000
OPPPROD0302,OPP0100,PROD009,1,10000,10000
OPPPROD0303,OPP0101,PROD003,1,60000,60000
OPPPROD0304,OPP0101,PROD004,5,4000,20000
OPPPROD0305,OPP0101,PROD007,1,6000,6000
OPPPROD0306,OPP0101,PROD005,1,8000,8000
OPPPROD0307,OPP0101,PROD010,1,20000,20000
OPPPROD0308,OPP0102,PROD001,1,12000,12000
OPPPROD0309,OPP0102,PROD007,1,6000,6000
OPPPROD0310,OPP0102,PROD008,1,5000,5000
OPPPROD0311,OPP0103,PROD007,1,6000,6000
OPPPROD0312,OPP0104,PROD002,1,30000,30000
OPPPROD0313,OPP0104,PROD009,1,10000,10000
OPPPROD0314,OPP0105,PROD001,1,12000,12000
OPPPROD0315,OPP0105,PROD008,1,5000,5000
OPPPROD0316,OPP0106,PROD002,1,30000,30000
OPPPROD0317,OPP0106,PROD004,5,4000,20000
OPPPROD0318,OPP0106,PROD009,1,10000,10000
OPPPROD0319,OPP0107,PROD002,1,30000,30000
OPPPROD0320,OPP0107,PROD004,5,4000,20000
OPPPROD0321,OPP0107,PROD009,1,10000,10000
OPPPROD0322,OPP0108,PROD003,1,60000,60000
OPPPROD0323,OPP0108,PROD007,1,6000,6000
OPPPROD0324,OPP0108,PROD010,1,20000,20000
OPPPROD0325,OPP0109,PROD001,1,12000,12000
OPPPROD0326,OPP0109,PROD005,1,8000,8000
OPPPROD0327,OPP0109,PROD006,1,12000,12000
OPPPROD0328,OPP0109,PROD008,1,5000,5000
OPPPROD0329,OPP0110,PROD002,1,30000,30000
OPPPROD0330,OPP0110,PROD009,1,10000,10000
OPPPROD0331,OPP0111,PROD003,1,60000,60000
OPPPROD0332,OPP0111,PROD004,5,4000,20000
OPPPROD0333,OPP0111,PROD010,1,20000,20000
OPPPROD0334,OPP0112,PROD003,1,60000,60000
OPPPROD0335,OPP0112,PROD005,1,8000,8000
OPPPROD0336,OPP0112,PROD010,1,20000,20000
OPPPROD0337,OPP0113,PROD001,1,12000,12000
OPPPROD0338,OPP0113,PROD008,1,5000,5000
OPPPROD0339,OPP0114,PROD001,1,12000,12000
OPPPROD0340,OPP0114,PROD005,1,8000,8000
OPPPROD0341,OPP0114,PROD007,1,6000,6000
OPPPROD0342,OPP0114,PROD008,1,5000,5000
OPPPROD0343,OPP0115,PROD003,1,60000,60000
OPPPROD0344,OPP0115,PROD004,5,4000,20000
OPPPROD0345,OPP0115,PROD010,1,20000,20000
OPPPROD0346,OPP0116,PROD002,1,30000,30000
OPPPROD0347,OPP0116,PROD004,5,4000,20000
OPPPROD0348,OPP0116,PROD006,1,12000,12000
OPPPROD0349,OPP0116,PROD007,1,6000,6000
OPPPROD0350,OPP0116,PROD009,1,10000,10000
OPPPROD0351,OPP0117,PROD001,1,12000,12000
OPPPROD0352,OPP0117,PROD006,1,12000,12000
OPPPROD0353,OPP0117,PROD008,1,5000,5000
OPPPROD0354,OPP0118,PROD002,1,30000,30000
OPPPROD0355,OPP0118,PROD006,1,12000,12000
OPPPROD0356,OPP0118,PROD009,1,10000,10000
OPPPROD0357,OPP0119,PROD001,1,12000,12000
OPPPROD0358,OPP0119,PROD005,1,8000,8000
OPPPROD0359,OPP0119,PROD008,1,5000,5000
OPPPROD0360,OPP0120,PROD003,1,60000,60000
OPPPROD0361,OPP0120,PROD004,5,4000,20000
OPPPROD0362,OPP0120,PROD010,1,20000,20000
OPPPROD0363,OPP0121,PROD001,1,12000,12000
OPPPROD0364,OPP0121,PROD004,1,4000,4000
OPPPROD0365,OPP0121,PROD006,1,12000,12000
OPPPROD0366,OPP0121,PROD005,1,8000,8000
OPPPROD0367,OPP0121,PROD008,1,5000,5000
OPPPROD0368,OPP0122,PROD004,2,4000,8000
OPPPROD0369,OPP0122,PROD005,1,8000,8000
OPPPROD0370,OPP0122,PROD006,1,12000,12000
OPPPROD0371,OPP0123,PROD001,1,12000,12000
OPPPROD0372,OPP0123,PROD008,1,5000,5000
OPPPROD0373,OPP0124,PROD002,1,30000,30000
OPPPROD0374,OPP0124,PROD005,1,8000,8000
OPPPROD0375,OPP0124,PROD006,1,12000,12000
OPPPROD0376,OPP0124,PROD009,1,10000,10000
OPPPROD0377,OPP0125,PROD001,1,12000,12000
OPPPROD0378,OPP0125,PROD004,1,4000,4000
OPPPROD0379,OPP0125,PROD008,1,5000,5000
OPPPROD0380,OPP0126,PROD002,1,30000,30000
OPPPROD0381,OPP0126,PROD004,5,4000,20000
OPPPROD0382,OPP0126,PROD009,1,10000,10000
OPPPROD0383,OPP0127,PROD002,1,30000,30000
OPPPROD0384,OPP0127,PROD004,5,4000,20000
OPPPROD0385,OPP0127,PROD007,1,6000,6000
OPPPROD0386,OPP0127,PROD006,1,12000,12000
OPPPROD0387,OPP0127,PROD009,1,10000,10000
OPPPROD0388,OPP0128,PROD002,1,30000,30000
OPPPROD0389,OPP0128,PROD009,1,10000,10000
OPPPROD0390,OPP0129,PROD002,1,30000,30000
OPPPROD0391,OPP0129,PROD006,1,12000,12000
OPPPROD0392,OPP0129,PROD005,1,8000,8000
OPPPROD0393,OPP0129,PROD009,1,10000,10000
OPPPROD0394,OPP0130,PROD001,1,12000,12000
OPPPROD0395,OPP0130,PROD004,5,4000,20000
OPPPROD0396,OPP0130,PROD007,1,6000,6000
OPPPROD0397,OPP0130,PROD008,1,5000,5000
OPPPROD0398,OPP0131,PROD003,1,60000,60000
OPPPROD0399,OPP0131,PROD010,1,20000,20000
OPPPROD0400,OPP0132,PROD006,1,12000,12000
OPPPROD0401,OPP0132,PROD004,2,4000,8000
OPPPROD0402,OPP0133,PROD003,1,60000,60000
OPPPROD0403,OPP0133,PROD004,1,4000,4000
OPPPROD0404,OPP0133,PROD010,1,20000,20000
OPPPROD0405,OPP0134,PROD006,1,12000,12000
OPPPROD0406,OPP0134,PROD007,1,6000,6000
OPPPROD0407,OPP0135,PROD001,1,12000,12000
OPPPROD0408,OPP0135,PROD007,1,6000,6000
OPPPROD0409,OPP0135,PROD008,1,5000,5000
OPPPROD0410,OPP0136,PROD002,1,30000,30000
OPPPROD0411,OPP0136,PROD006,1,12000,12000
OPPPROD0412,OPP0136,PROD009,1,10000,10000
OPPPROD0413,OPP0137,PROD002,1,30000,30000
OPPPROD0414,OPP0137,PROD004,4,4000,16000
OPPPROD0415,OPP0137,PROD006,1,12000,12000
OPPPROD0416,OPP0137,PROD009,1,10000,10000
OPPPROD0417,OPP0138,PROD002,1,30000,30000
OPPPROD0418,OPP0138,PROD006,1,12000,12000
OPPPROD0419,OPP0138,PROD009,1,10000,10000
OPPPROD0420,OPP0139,PROD003,1,60000,60000
OPPPROD0421,OPP0139,PROD004,5,4000,20000
OPPPROD0422,OPP0139,PROD005,1,8000,8000
OPPPROD0423,OPP0139,PROD010,1,20000,20000
OPPPROD0424,OPP0140,PROD001,1,12000,12000
OPPPROD0425,OPP0140,PROD004,1,4000,4000
OPPPROD0426,OPP0140,PROD008,1,5000,5000
OPPPROD0427,OPP0141,PROD001,1,12000,12000
OPPPROD0428,OPP0141,PROD004,1,4000,4000
OPPPROD0429,OPP0141,PROD006,1,12000,12000
OPPPROD0430,OPP0141,PROD007,1,6000,6000
OPPPROD0431,OPP0141,PROD008,1,5000,5000
OPPPROD0432,OPP0142,PROD003,1,60000,60000
OPPPROD0433,OPP0142,PROD006,1,12000,12000
OPPPROD0434,OPP0142,PROD010,1,20000,20000
OPPPROD0435,OPP0143,PROD001,1,12000,12000
OPPPROD0436,OPP0143,PROD006,1,12000,12000
OPPPROD0437,OPP0143,PROD007,1,6000,6000
OPPPROD0438,OPP0143,PROD008,1,5000,5000
OPPPROD0439,OPP0144,PROD003,1,60000,60000
OPPPROD0440,OPP0144,PROD004,5,4000,20000
OPPPROD0441,OPP0144,PROD007,1,6000,6000
OPPPROD0442,OPP0144,PROD010,1,20000,20000
OPPPROD0443,OPP0145,PROD001,1,12000,12000
OPPPROD0444,OPP0145,PROD004,1,4000,4000
OPPPROD0445,OPP0145,PROD006,1,12000,12000
OPPPROD0446,OPP0145,PROD005,1,8000,8000
OPPPROD0447,OPP0145,PROD008,1,5000,5000
OPPPROD0448,OPP0146,PROD001,1,12000,12000
OPPPROD0449,OPP0146,PROD005,1,8000,8000
OPPPROD0450,OPP0146,PROD006,1,12000,12000
OPPPROD0451,OPP0146,PROD008,1,5000,5000
OPPPROD0452,OPP0147,PROD002,1,30000,30000
OPPPROD0453,OPP0147,PROD004,1,4000,4000
OPPPROD0454,OPP0147,PROD009,1,10000,10000
OPPPROD0455,OPP0148,PROD001,1,12000,12000
OPPPROD0456,OPP0148,PROD008,1,5000,5000
OPPPROD0457,OPP0149,PROD003,1,60000,60000
OPPPROD0458,OPP0149,PROD010,1,20000,20000
OPPPROD0459,OPP0150,PROD002,1,30000,30000
OPPPROD0460,OPP0150,PROD009,1,10000,10000
OPPPROD0461,OPP0151,PROD003,1,60000,60000
OPPPROD0462,OPP0151,PROD004,5,4000,20000
OPPPROD0463,OPP0151,PROD006,1,12000,12000
OPPPROD0464,OPP0151,PROD010,1,20000,20000
OPPPROD0465,OPP0152,PROD003,1,60000,60000
OPPPROD0466,OPP0152,PROD004,5,4000,20000
OPPPROD0467,OPP0152,PROD005,1,8000,8000
OPPPROD0468,OPP0152,PROD010,1,20000,20000
OPPPROD0469,OPP0153,PROD006,1,12000,12000
OPPPROD0470,OPP0154,PROD002,1,30000,30000
OPPPROD0471,OPP0154,PROD006,1,12000,12000
OPPPROD0472,OPP0154,PROD009,1,10000,10000
OPPPROD0473,OPP0155,PROD002,1,30000,30000
OPPPROD0474,OPP0155,PROD004,4,4000,16000
OPPPROD0475,OPP0155,PROD006,1,12000,12000
OPPPROD0476,OPP0155,PROD009,1,10000,10000
OPPPROD0477,OPP0156,PROD003,1,60000,60000
OPPPROD0478,OPP0156,PROD007,1,6000,6000
OPPPROD0479,OPP0156,PROD010,1,20000,20000
OPPPROD0480,OPP0157,PROD001,1,12000,12000
OPPPROD0481,OPP0157,PROD004,1,4000,4000
OPPPROD0482,OPP0157,PROD008,1,5000,5000
OPPPROD0483,OPP0158,PROD001,1,12000,12000
OPPPROD0484,OPP0158,PROD005,1,8000,8000
OPPPROD0485,OPP0158,PROD008,1,5000,5000
OPPPROD0486,OPP0159,PROD003,1,60000,60000
OPPPROD0487,OPP0159,PROD005,1,8000,8000
OPPPROD0488,OPP0159,PROD010,1,20000,20000
OPPPROD0489,OPP0160,PROD002,1,30000,30000
OPPPROD0490,OPP0160,PROD009,1,10000,10000
OPPPROD0491,OPP0161,PROD002,1,30000,30000
OPPPROD0492,OPP0161,PROD007,1,6000,6000
OPPPROD0493,OPP0161,PROD009,1,10000,10000
OPPPROD0494,OPP0162,PROD001,1,12000,12000
OPPPROD0495,OPP0162,PROD004,1,4000,4000
OPPPROD0496,OPP0162,PROD005,1,8000,8000
OPPPROD0497,OPP0162,PROD007,1,6000,6000
OPPPROD0498,OPP0162,PROD008,1,5000,5000
OPPPROD0499,OPP0163,PROD002,1,30000,30000
OPPPROD0500,OPP0163,PROD004,4,4000,16000
OPPPROD0501,OPP0163,PROD005,1,8000,8000
OPPPROD0502,OPP0163,PROD009,1,10000,10000
OPPPROD0503,OPP0164,PROD001,1,12000,12000
OPPPROD0504,OPP0164,PROD008,1,5000,5000
OPPPROD0505,OPP0165,PROD002,1,30000,30000
OPPPROD0506,OPP0165,PROD004,1,4000,4000
OPPPROD0507,OPP0165,PROD006,1,12000,12000
OPPPROD0508,OPP0165,PROD009,1,10000,10000
OPPPROD0509,OPP0166,PROD002,1,30000,30000
OPPPROD0510,OPP0166,PROD004,5,4000,20000
OPPPROD0511,OPP0166,PROD009,1,10000,10000
OPPPROD0512,OPP0167,PROD001,1,12000,12000
OPPPROD0513,OPP0167,PROD004,1,4000,4000
OPPPROD0514,OPP0167,PROD008,1,5000,5000
OPPPROD0515,OPP0168,PROD003,1,60000,60000
OPPPROD0516,OPP0168,PROD004,5,4000,20000
OPPPROD0517,OPP0168,PROD007,1,6000,6000
OPPPROD0518,OPP0168,PROD006,1,12000,12000
OPPPROD0519,OPP0168,PROD010,1,20000,20000
OPPPROD0520,OPP0169,PROD003,1,60000,60000
OPPPROD0521,OPP0169,PROD006,1,12000,12000
OPPPROD0522,OPP0169,PROD010,1,20000,20000
OPPPROD0523,OPP0170,PROD002,1,30000,30000
OPPPROD0524,OPP0170,PROD006,1,12000,12000
OPPPROD0525,OPP0170,PROD009,1,10000,10000
OPPPROD0526,OPP0171,PROD003,1,60000,60000
OPPPROD0527,OPP0171,PROD004,5,4000,20000
OPPPROD0528,OPP0171,PROD005,1,8000,8000
OPPPROD0529,OPP0171,PROD010,1,20000,20000
OPPPROD0530,OPP0172,PROD001,1,12000,12000
OPPPROD0531,OPP0172,PROD005,1,8000,8000
OPPPROD0532,OPP0172,PROD008,1,5000,5000
OPPPROD0533,OPP0173,PROD003,1,60000,60000
OPPPROD0534,OPP0173,PROD004,5,4000,20000
OPPPROD0535,OPP0173,PROD005,1,8000,8000
OPPPROD0536,OPP0173,PROD010,1,20000,20000
OPPPROD0537,OPP0174,PROD003,1,60000,60000
OPPPROD0538,OPP0174,PROD004,5,4000,20000
OPPPROD0539,OPP0174,PROD006,1,12000,12000
OPPPROD0540,OPP0174,PROD010,1,20000,20000
OPPPROD0541,OPP0175,PROD002,1,30000,30000
OPPPROD0542,OPP0175,PROD006,1,12000,12000
OPPPROD0543,OPP0175,PROD009,1,10000,10000
OPPPROD0544,OPP0176,PROD001,1,12000,12000
OPPPROD0545,OPP0176,PROD004,1,4000,4000
OPPPROD0546,OPP0176,PROD006,1,12000,12000
OPPPROD0547,OPP0176,PROD008,1,5000,5000
OPPPROD0548,OPP0177,PROD003,1,60000,60000
OPPPROD0549,OPP0177,PROD004,5,4000,20000
OPPPROD0550,OPP0177,PROD006,1,12000,12000
OPPPROD0551,OPP0177,PROD010,1,20000,20000
OPPPROD0552,OPP0178,PROD003,1,60000,60000
OPPPROD0553,OPP0178,PROD005,1,8000,8000
OPPPROD0554,OPP0178,PROD010,1,20000,20000
OPPPROD0555,OPP0179,PROD002,1,30000,30000
OPPPROD0556,OPP0179,PROD004,4,4000,16000
OPPPROD0557,OPP0179,PROD009,1,10000,10000
OPPPROD0558,OPP0180,PROD001,1,12000,12000
OPPPROD0559,OPP0180,PROD008,1,5000,5000
OPPPROD0560,OPP0181,PROD003,1,60000,60000
OPPPROD0561,OPP0181,PROD004,5,4000,20000
OPPPROD0562,OPP0181,PROD006,1,12000,12000
OPPPROD0563,OPP0181,PROD010,1,20000,20000
OPPPROD0564,OPP0182,PROD002,1,30000,30000
OPPPROD0565,OPP0182,PROD004,5,4000,20000
OPPPROD0566,OPP0182,PROD009,1,10000,10000
OPPPROD0567,OPP0183,PROD002,1,30000,30000
OPPPROD0568,OPP0183,PROD004,1,4000,4000
OPPPROD0569,OPP0183,PROD006,1,12000,12000
OPPPROD0570,OPP0183,PROD009,1,10000,10000
OPPPROD0571,OPP0184,PROD003,1,60000,60000
OPPPROD0572,OPP0184,PROD004,5,4000,20000
OPPPROD0573,OPP0184,PROD006,1,12000,12000
OPPPROD0574,OPP0184,PROD010,1,20000,20000
OPPPROD0575,OPP0185,PROD001,1,12000,12000
OPPPROD0576,OPP0185,PROD008,1,5000,5000
OPPPROD0577,OPP0186,PROD003,1,60000,60000
OPPPROD0578,OPP0186,PROD007,1,6000,6000
OPPPROD0579,OPP0186,PROD010,1,20000,20000
OPPPROD0580,OPP0187,PROD002,1,30000,30000
OPPPROD0581,OPP0187,PROD004,1,4000,4000
OPPPROD0582,OPP0187,PROD007,1,6000,6000
OPPPROD0583,OPP0187,PROD009,1,10000,10000
OPPPROD0584,OPP0188,PROD002,1,30000,30000
OPPPROD0585,OPP0188,PROD004,5,4000,20000
OPPPROD0586,OPP0188,PROD007,1,6000,6000
OPPPROD0587,OPP0188,PROD009,1,10000,10000
OPPPROD0588,OPP0189,PROD003,1,60000,60000
OPPPROD0589,OPP0189,PROD004,2,4000,8000
OPPPROD0590,OPP0189,PROD007,1,6000,6000
OPPPROD0591,OPP0189,PROD005,1,8000,8000
OPPPROD0592,OPP0189,PROD010,1,20000,20000
OPPPROD0593,OPP0190,PROD002,1,30000,30000
OPPPROD0594,OPP0190,PROD004,5,4000,20000
OPPPROD0595,OPP0190,PROD009,1,10000,10000
OPPPROD0596,OPP0191,PROD002,1,30000,30000
OPPPROD0597,OPP0191,PROD004,1,4000,4000
OPPPROD0598,OPP0191,PROD006,1,12000,12000
OPPPROD0599,OPP0191,PROD009,1,10000,10000
OPPPROD0600,OPP0192,PROD003,1,60000,60000
OPPPROD0601,OPP0192,PROD004,3,4000,12000
OPPPROD0602,OPP0192,PROD007,1,6000,6000
OPPPROD0603,OPP0192,PROD010,1,20000,20000
OPPPROD0604,OPP0193,PROD001,1,12000,12000
OPPPROD0605,OPP0193,PROD005,1,8000,8000
OPPPROD0606,OPP0193,PROD008,1,5000,5000
OPPPROD0607,OPP0194,PROD002,1,30000,30000
OPPPROD0608,OPP0194,PROD005,1,8000,8000
OPPPROD0609,OPP0194,PROD009,1,10000,10000
OPPPROD0610,OPP0195,PROD006,1,12000,12000
OPPPROD0611,OPP0195,PROD004,2,4000,8000
OPPPROD0612,OPP0196,PROD001,1,12000,12000
OPPPROD0613,OPP0196,PROD004,5,4000,20000
OPPPROD0614,OPP0196,PROD008,1,5000,5000
OPPPROD0615,OPP0197,PROD001,1,12000,12000
OPPPROD0616,OPP0197,PROD006,1,12000,12000
OPPPROD0617,OPP0197,PROD007,1,6000,6000
OPPPROD0618,OPP0197,PROD008,1,5000,5000
OPPPROD0619,OPP0198,PROD003,1,60000,60000
OPPPROD0620,OPP0198,PROD004,5,4000,20000
OPPPROD0621,OPP0198,PROD010,1,20000,20000
OPPPROD0622,OPP0199,PROD002,1,30000,30000
OPPPROD0623,OPP0199,PROD004,5,4000,20000
OPPPROD0624,OPP0199,PROD009,1,10000,10000
OPPPROD0625,OPP0200,PROD001,1,12000,12000
OPPPROD0626,OPP0200,PROD008,1,5000,5000
OPPPROD0627,OPP0201,PROD001,1,12000,12000
OPPPROD0628,OPP0201,PROD008,1,5000,5000
OPPPROD0629,OPP0202,PROD001,1,12000,12000
OPPPROD0630,OPP0202,PROD004,1,4000,4000
OPPPROD0631,OPP0202,PROD007,1,6000,6000
OPPPROD0632,OPP0202,PROD008,1,5000,5000
OPPPROD0633,OPP0203,PROD001,1,12000,12000
OPPPROD0634,OPP0203,PROD008,1,5000,5000
OPPPROD0635,OPP0204,PROD003,1,60000,60000
OPPPROD0636,OPP0204,PROD004,5,4000,20000
OPPPROD0637,OPP0204,PROD010,1,20000,20000
OPPPROD0638,OPP0205,PROD001,1,12000,12000
OPPPROD0639,OPP0205,PROD004,1,4000,4000
OPPPROD0640,OPP0205,PROD008,1,5000,5000
OPPPROD0641,OPP0206,PROD003,1,60000,60000
OPPPROD0642,OPP0206,PROD004,5,4000,20000
OPPPROD0643,OPP0206,PROD007,1,6000,6000
OPPPROD0644,OPP0206,PROD010,1,20000,20000
OPPPROD0645,OPP0207,PROD003,1,60000,60000
OPPPROD0646,OPP0207,PROD010,1,20000,20000
OPPPROD0647,OPP0208,PROD003,1,60000,60000
OPPPROD0648,OPP0208,PROD005,1,8000,8000
OPPPROD0649,OPP0208,PROD010,1,20000,20000
OPPPROD0650,OPP0209,PROD002,1,30000,30000
OPPPROD0651,OPP0209,PROD004,2,4000,8000
OPPPROD0652,OPP0209,PROD007,1,6000,6000
OPPPROD0653,OPP0209,PROD009,1,10000,10000
OPPPROD0654,OPP0210,PROD003,1,60000,60000
OPPPROD0655,OPP0210,PROD010,1,20000,20000
OPPPROD0656,OPP0211,PROD001,1,12000,12000
OPPPROD0657,OPP0211,PROD005,1,8000,8000
OPPPROD0658,OPP0211,PROD008,1,5000,5000
OPPPROD0659,OPP0212,PROD001,1,12000,12000
OPPPROD0660,OPP0212,PROD004,2,4000,8000
OPPPROD0661,OPP0212,PROD008,1,5000,5000
OPPPROD0662,OPP0213,PROD001,1,12000,12000
OPPPROD0663,OPP0213,PROD007,1,6000,6000
OPPPROD0664,OPP0213,PROD008,1,5000,5000
OPPPROD0665,OPP0214,PROD003,1,60000,60000
OPPPROD0666,OPP0214,PROD004,5,4000,20000
OPPPROD0667,OPP0214,PROD010,1,20000,20000
OPPPROD0668,OPP0215,PROD006,1,12000,12000
OPPPROD0669,OPP0216,PROD006,1,12000,12000
OPPPROD0670,OPP0217,PROD002,1,30000,30000
OPPPROD0671,OPP0217,PROD005,1,8000,8000
OPPPROD0672,OPP0217,PROD006,1,12000,12000
OPPPROD0673,OPP0217,PROD009,1,10000,10000
OPPPROD0674,OPP0218,PROD003,1,60000,60000
OPPPROD0675,OPP0218,PROD010,1,20000,20000
OPPPROD0676,OPP0219,PROD002,1,30000,30000
OPPPROD0677,OPP0219,PROD005,1,8000,8000
OPPPROD0678,OPP0219,PROD007,1,6000,6000
OPPPROD0679,OPP0219,PROD009,1,10000,10000
OPPPROD0680,OPP0220,PROD001,1,12000,12000
OPPPROD0681,OPP0220,PROD004,1,4000,4000
OPPPROD0682,OPP0220,PROD008,1,5000,5000
OPPPROD0683,OPP0221,PROD001,1,12000,12000
OPPPROD0684,OPP0221,PROD004,2,4000,8000
OPPPROD0685,OPP0221,PROD006,1,12000,12000
OPPPROD0686,OPP0221,PROD008,1,5000,5000
OPPPROD0687,OPP0222,PROD002,1,30000,30000
OPPPROD0688,OPP0222,PROD009,1,10000,10000
OPPPROD0689,OPP0223,PROD001,1,12000,12000
OPPPROD0690,OPP0223,PROD007,1,6000,6000
OPPPROD0691,OPP0223,PROD005,1,8000,8000
OPPPROD0692,OPP0223,PROD008,1,5000,5000
OPPPROD0693,OPP0224,PROD001,1,12000,12000
OPPPROD0694,OPP0224,PROD005,1,8000,8000
OPPPROD0695,OPP0224,PROD008,1,5000,5000
OPPPROD0696,OPP0225,PROD001,1,12000,12000
OPPPROD0697,OPP0225,PROD005,1,8000,8000
OPPPROD0698,OPP0225,PROD008,1,5000,5000
OPPPROD0699,OPP0226,PROD002,1,30000,30000
OPPPROD0700,OPP0226,PROD004,1,4000,4000
OPPPROD0701,OPP0226,PROD006,1,12000,12000
OPPPROD0702,OPP0226,PROD007,1,6000,6000
OPPPROD0703,OPP0226,PROD009,1,10000,10000
OPPPROD0704,OPP0227,PROD003,1,60000,60000
OPPPROD0705,OPP0227,PROD010,1,20000,20000
OPPPROD0706,OPP0228,PROD002,1,30000,30000
OPPPROD0707,OPP0228,PROD004,2,4000,8000
OPPPROD0708,OPP0228,PROD009,1,10000,10000
OPPPROD0709,OPP0229,PROD006,1,12000,12000
OPPPROD0710,OPP0230,PROD003,1,60000,60000
OPPPROD0711,OPP0230,PROD004,3,4000,12000
OPPPROD0712,OPP0230,PROD005,1,8000,8000
OPPPROD0713,OPP0230,PROD010,1,20000,20000
OPPPROD0714,OPP0231,PROD001,1,12000,12000
OPPPROD0715,OPP0231,PROD005,1,8000,8000
OPPPROD0716,OPP0231,PROD007,1,6000,6000
OPPPROD0717,OPP0231,PROD008,1,5000,5000
OPPPROD0718,OPP0232,PROD003,1,60000,60000
OPPPROD0719,OPP0232,PROD004,1,4000,4000
OPPPROD0720,OPP0232,PROD005,1,8000,8000
OPPPROD0721,OPP0232,PROD006,1,12000,12000
OPPPROD0722,OPP0232,PROD010,1,20000,20000
OPPPROD0723,OPP0233,PROD002,1,30000,30000
OPPPROD0724,OPP0233,PROD004,3,4000,12000
OPPPROD0725,OPP0233,PROD006,1,12000,12000
OPPPROD0726,OPP0233,PROD009,1,10000,10000
OPPPROD0727,OPP0234,PROD003,1,60000,60000
OPPPROD0728,OPP0234,PROD005,1,8000,8000
OPPPROD0729,OPP0234,PROD010,1,20000,20000
OPPPROD0730,OPP0235,PROD002,1,30000,30000
OPPPROD0731,OPP0235,PROD004,5,4000,20000
OPPPROD0732,OPP0235,PROD009,1,10000,10000
OPPPROD0733,OPP0236,PROD001,1,12000,12000
OPPPROD0734,OPP0236,PROD008,1,5000,5000
OPPPROD0735,OPP0237,PROD001,1,12000,12000
OPPPROD0736,OPP0237,PROD004,2,4000,8000
OPPPROD0737,OPP0237,PROD007,1,6000,6000
OPPPROD0738,OPP0237,PROD008,1,5000,5000
OPPPROD0739,OPP0238,PROD005,1,8000,8000
OPPPROD0740,OPP0238,PROD007,1,6000,6000
OPPPROD0741,OPP0239,PROD002,1,30000,30000
OPPPROD0742,OPP0239,PROD004,1,4000,4000
OPPPROD0743,OPP0239,PROD009,1,10000,10000
OPPPROD0744,OPP0240,PROD001,1,12000,12000
OPPPROD0745,OPP0240,PROD004,1,4000,4000
OPPPROD0746,OPP0240,PROD007,1,6000,6000
OPPPROD0747,OPP0240,PROD008,1,5000,5000
OPPPROD0748,OPP0241,PROD007,1,6000,6000
OPPPROD0749,OPP0241,PROD005,1,8000,8000
OPPPROD0750,OPP0242,PROD001,1,12000,12000
OPPPROD0751,OPP0242,PROD008,1,5000,5000
OPPPROD0752,OPP0243,PROD001,1,12000,12000
OPPPROD0753,OPP0243,PROD008,1,5000,5000
OPPPROD0754,OPP0244,PROD001,1,12000,12000
OPPPROD0755,OPP0244,PROD004,1,4000,4000
OPPPROD0756,OPP0244,PROD006,1,12000,12000
OPPPROD0757,OPP0244,PROD008,1,5000,5000
OPPPROD0758,OPP0245,PROD001,1,12000,12000
OPPPROD0759,OPP0245,PROD008,1,5000,5000
OPPPROD0760,OPP0246,PROD003,1,60000,60000
OPPPROD0761,OPP0246,PROD004,2,4000,8000
OPPPROD0762,OPP0246,PROD005,1,8000,8000
OPPPROD0763,OPP0246,PROD006,1,12000,12000
OPPPROD0764,OPP0246,PROD010,1,20000,20000
OPPPROD0765,OPP0247,PROD001,1,12000,12000
OPPPROD0766,OPP0247,PROD004,1,4000,4000
OPPPROD0767,OPP0247,PROD007,1,6000,6000
OPPPROD0768,OPP0247,PROD008,1,5000,5000
OPPPROD0769,OPP0248,PROD001,1,12000,12000
OPPPROD0770,OPP0248,PROD008,1,5000,5000
OPPPROD0771,OPP0249,PROD001,1,12000,12000
OPPPROD0772,OPP0249,PROD005,1,8000,8000
OPPPROD0773,OPP0249,PROD008,1,5000,5000
OPPPROD0774,OPP0250,PROD003,1,60000,60000
OPPPROD0775,OPP0250,PROD004,5,4000,20000
OPPPROD0776,OPP0250,PROD010,1,20000,20000
OPPPROD0777,OPP0251,PROD003,1,60000,60000
OPPPROD0778,OPP0251,PROD010,1,20000,20000
OPPPROD0779,OPP0252,PROD002,1,30000,30000
OPPPROD0780,OPP0252,PROD005,1,8000,8000
OPPPROD0781,OPP0252,PROD009,1,10000,10000
OPPPROD0782,OPP0253,PROD001,1,12000,12000
OPPPROD0783,OPP0253,PROD004,1,4000,4000
OPPPROD0784,OPP0253,PROD005,1,8000,8000
OPPPROD0785,OPP0253,PROD006,1,12000,12000
OPPPROD0786,OPP0253,PROD008,1,5000,5000
OPPPROD0787,OPP0254,PROD003,1,60000,60000
OPPPROD0788,OPP0254,PROD004,4,4000,16000
OPPPROD0789,OPP0254,PROD007,1,6000,6000
OPPPROD0790,OPP0254,PROD010,1,20000,20000
OPPPROD0791,OPP0255,PROD002,1,30000,30000
OPPPROD0792,OPP0255,PROD004,3,4000,12000
OPPPROD0793,OPP0255,PROD005,1,8000,8000
OPPPROD0794,OPP0255,PROD009,1,10000,10000
OPPPROD0795,OPP0256,PROD001,1,12000,12000
OPPPROD0796,OPP0256,PROD004,5,4000,20000
OPPPROD0797,OPP0256,PROD007,1,6000,6000
OPPPROD0798,OPP0256,PROD005,1,8000,8000
OPPPROD0799,OPP0256,PROD008,1,5000,5000
OPPPROD0800,OPP0257,PROD003,1,60000,60000
OPPPROD0801,OPP0257,PROD007,1,6000,6000
OPPPROD0802,OPP0257,PROD006,1,12000,12000
OPPPROD0803,OPP0257,PROD010,1,20000,20000
OPPPROD0804,OPP0258,PROD002,1,30000,30000
OPPPROD0805,OPP0258,PROD009,1,10000,10000
OPPPROD0806,OPP0259,PROD001,1,12000,12000
OPPPROD0807,OPP0259,PROD004,1,4000,4000
OPPPROD0808,OPP0259,PROD008,1,5000,5000
OPPPROD0809,OPP0260,PROD002,1,30000,30000
OPPPROD0810,OPP0260,PROD004,5,4000,20000
OPPPROD0811,OPP0260,PROD007,1,6000,6000
OPPPROD0812,OPP0260,PROD005,1,8000,8000
OPPPROD0813,OPP0260,PROD009,1,10000,10000
OPPPROD0814,OPP0261,PROD001,1,12000,12000
OPPPROD0815,OPP0261,PROD006,1,12000,12000
OPPPROD0816,OPP0261,PROD008,1,5000,5000
OPPPROD0817,OPP0262,PROD003,1,60000,60000
OPPPROD0818,OPP0262,PROD006,1,12000,12000
OPPPROD0819,OPP0262,PROD010,1,20000,20000
OPPPROD0820,OPP0263,PROD003,1,60000,60000
OPPPROD0821,OPP0263,PROD004,5,4000,20000
OPPPROD0822,OPP0263,PROD005,1,8000,8000
OPPPROD0823,OPP0263,PROD010,1,20000,20000
OPPPROD0824,OPP0264,PROD002,1,30000,30000
OPPPROD0825,OPP0264,PROD007,1,6000,6000
OPPPROD0826,OPP0264,PROD009,1,10000,10000
OPPPROD0827,OPP0265,PROD001,1,12000,12000
OPPPROD0828,OPP0265,PROD008,1,5000,5000
OPPPROD0829,OPP0266,PROD001,1,12000,12000
OPPPROD0830,OPP0266,PROD004,1,4000,4000
OPPPROD0831,OPP0266,PROD008,1,5000,5000
OPPPROD0832,OPP0267,PROD005,1,8000,8000
OPPPROD0833,OPP0268,PROD001,1,12000,12000
OPPPROD0834,OPP0268,PROD005,1,8000,8000
OPPPROD0835,OPP0268,PROD008,1,5000,5000
OPPPROD0836,OPP0269,PROD001,1,12000,12000
OPPPROD0837,OPP0269,PROD005,1,8000,8000
OPPPROD0838,OPP0269,PROD008,1,5000,5000
OPPPROD0839,OPP0270,PROD003,1,60000,60000
OPPPROD0840,OPP0270,PROD004,5,4000,20000
OPPPROD0841,OPP0270,PROD007,1,6000,6000
OPPPROD0842,OPP0270,PROD010,1,20000,20000
OPPPROD0843,OPP0271,PROD001,1,12000,12000
OPPPROD0844,OPP0271,PROD004,1,4000,4000
OPPPROD0845,OPP0271,PROD008,1,5000,5000
OPPPROD0846,OPP0272,PROD002,1,30000,30000
OPPPROD0847,OPP0272,PROD009,1,10000,10000
OPPPROD0848,OPP0273,PROD002,1,30000,30000
OPPPROD0849,OPP0273,PROD005,1,8000,8000
OPPPROD0850,OPP0273,PROD009,1,10000,10000
OPPPROD0851,OPP0274,PROD003,1,60000,60000
OPPPROD0852,OPP0274,PROD010,1,20000,20000
OPPPROD0853,OPP0275,PROD002,1,30000,30000
OPPPROD0854,OPP0275,PROD004,4,4000,16000
OPPPROD0855,OPP0275,PROD005,1,8000,8000
OPPPROD0856,OPP0275,PROD007,1,6000,6000
OPPPROD0857,OPP0275,PROD009,1,10000,10000
OPPPROD0858,OPP0276,PROD003,1,60000,60000
OPPPROD0859,OPP0276,PROD004,5,4000,20000
OPPPROD0860,OPP0276,PROD010,1,20000,20000
OPPPROD0861,OPP0277,PROD002,1,30000,30000
OPPPROD0862,OPP0277,PROD006,1,12000,12000
OPPPROD0863,OPP0277,PROD009,1,10000,10000
OPPPROD0864,OPP0278,PROD001,1,12000,12000
OPPPROD0865,OPP0278,PROD005,1,8000,8000
OPPPROD0866,OPP0278,PROD008,1,5000,5000
OPPPROD0867,OPP0279,PROD002,1,30000,30000
OPPPROD0868,OPP0279,PROD009,1,10000,10000
OPPPROD0869,OPP0280,PROD001,1,12000,12000
OPPPROD0870,OPP0280,PROD006,1,12000,12000
OPPPROD0871,OPP0280,PROD005,1,8000,8000
OPPPROD0872,OPP0280,PROD008,1,5000,5000
OPPPROD0873,OPP0281,PROD001,1,12000,12000
OPPPROD0874,OPP0281,PROD008,1,5000,5000
OPPPROD0875,OPP0282,PROD002,1,30000,30000
OPPPROD0876,OPP0282,PROD009,1,10000,10000
OPPPROD0877,OPP0283,PROD002,1,30000,30000
OPPPROD0878,OPP0283,PROD004,1,4000,4000
OPPPROD0879,OPP0283,PROD006,1,12000,12000
OPPPROD0880,OPP0283,PROD009,1,10000,10000
OPPPROD0881,OPP0284,PROD001,1,12000,12000
OPPPROD0882,OPP0284,PROD005,1,8000,8000
OPPPROD0883,OPP0284,PROD006,1,12000,12000
OPPPROD0884,OPP0284,PROD008,1,5000,5000
OPPPROD0885,OPP0285,PROD001,1,12000,12000
OPPPROD0886,OPP0285,PROD006,1,12000,12000
OPPPROD0887,OPP0285,PROD008,1,5000,5000
OPPPROD0888,OPP0286,PROD001,1,12000,12000
OPPPROD0889,OPP0286,PROD005,1,8000,8000
OPPPROD0890,OPP0286,PROD008,1,5000,5000
OPPPROD0891,OPP0287,PROD002,1,30000,30000
OPPPROD0892,OPP0287,PROD004,5,4000,20000
OPPPROD0893,OPP0287,PROD007,1,6000,6000
OPPPROD0894,OPP0287,PROD009,1,10000,10000
OPPPROD0895,OPP0288,PROD001,1,12000,12000
OPPPROD0896,OPP0288,PROD006,1,12000,12000
OPPPROD0897,OPP0288,PROD008,1,5000,5000
OPPPROD0898,OPP0289,PROD001,1,12000,12000
OPPPROD0899,OPP0289,PROD004,4,4000,16000
OPPPROD0900,OPP0289,PROD005,1,8000,8000
OPPPROD0901,OPP0289,PROD006,1,12000,12000
OPPPROD0902,OPP0289,PROD008,1,5000,5000
OPPPROD0903,OPP0290,PROD002,1,30000,30000
OPPPROD0904,OPP0290,PROD004,1,4000,4000
OPPPROD0905,OPP0290,PROD007,1,6000,6000
OPPPROD0906,OPP0290,PROD009,1,10000,10000
OPPPROD0907,OPP0291,PROD002,1,30000,30000
OPPPROD0908,OPP0291,PROD006,1,12000,12000
OPPPROD0909,OPP0291,PROD009,1,10000,10000
OPPPROD0910,OPP0292,PROD002,1,30000,30000
OPPPROD0911,OPP0292,PROD007,1,6000,6000
OPPPROD0912,OPP0292,PROD009,1,10000,10000
OPPPROD0913,OPP0293,PROD003,1,60000,60000
OPPPROD0914,OPP0293,PROD004,5,4000,20000
OPPPROD0915,OPP0293,PROD010,1,20000,20000
OPPPROD0916,OPP0294,PROD003,1,60000,60000
OPPPROD0917,OPP0294,PROD004,5,4000,20000
OPPPROD0918,OPP0294,PROD005,1,8000,8000
OPPPROD0919,OPP0294,PROD010,1,20000,20000
OPPPROD0920,OPP0295,PROD001,1,12000,12000
OPPPROD0921,OPP0295,PROD004,1,4000,4000
OPPPROD0922,OPP0295,PROD007,1,6000,6000
OPPPROD0923,OPP0295,PROD008,1,5000,5000
OPPPROD0924,OPP0296,PROD001,1,12000,12000
OPPPROD0925,OPP0296,PROD005,1,8000,8000
OPPPROD0926,OPP0296,PROD007,1,6000,6000
OPPPROD0927,OPP0296,PROD008,1,5000,5000
OPPPROD0928,OPP0297,PROD003,1,60000,60000
OPPPROD0929,OPP0297,PROD004,5,4000,20000
OPPPROD0930,OPP0297,PROD007,1,6000,6000
OPPPROD0931,OPP0297,PROD010,1,20000,20000
OPPPROD0932,OPP0298,PROD003,1,60000,60000
OPPPROD0933,OPP0298,PROD004,1,4000,4000
OPPPROD0934,OPP0298,PROD007,1,6000,6000
OPPPROD0935,OPP0298,PROD010,1,20000,20000
OPPPROD0936,OPP0299,PROD002,1,30000,30000
OPPPROD0937,OPP0299,PROD006,1,12000,12000
OPPPROD0938,OPP0299,PROD005,1,8000,8000
OPPPROD0939,OPP0299,PROD009,1,10000,10000
OPPPROD0940,OPP0300,PROD003,1,60000,60000
OPPPROD0941,OPP0300,PROD004,5,4000,20000
OPPPROD0942,OPP0300,PROD010,1,20000,20000
OPPPROD0943,OPP0301,PROD003,1,60000,60000
OPPPROD0944,OPP0301,PROD004,5,4000,20000
OPPPROD0945,OPP0301,PROD006,1,12000,12000
OPPPROD0946,OPP0301,PROD010,1,20000,20000
OPPPROD0947,OPP0302,PROD002,1,30000,30000
OPPPROD0948,OPP0302,PROD004,5,4000,20000
OPPPROD0949,OPP0302,PROD005,1,8000,8000
OPPPROD0950,OPP0302,PROD009,1,10000,10000
OPPPROD0951,OPP0303,PROD002,1,30000,30000
OPPPROD0952,OPP0303,PROD009,1,10000,10000
OPPPROD0953,OPP0304,PROD003,1,60000,60000
OPPPROD0954,OPP0304,PROD004,4,4000,16000
OPPPROD0955,OPP0304,PROD007,1,6000,6000
OPPPROD0956,OPP0304,PROD010,1,20000,20000
OPPPROD0957,OPP0305,PROD002,1,30000,30000
OPPPROD0958,OPP0305,PROD004,5,4000,20000
OPPPROD0959,OPP0305,PROD009,1,10000,10000
OPPPROD0960,OPP0306,PROD006,1,12000,12000
OPPPROD0961,OPP0306,PROD004,2,4000,8000
OPPPROD0962,OPP0307,PROD002,1,30000,30000
OPPPROD0963,OPP0307,PROD006,1,12000,12000
OPPPROD0964,OPP0307,PROD009,1,10000,10000
OPPPROD0965,OPP0308,PROD007,1,6000,6000
OPPPROD0966,OPP0308,PROD004,3,4000,12000
OPPPROD0967,OPP0309,PROD002,1,30000,30000
OPPPROD0968,OPP0309,PROD009,1,10000,10000
OPPPROD0969,OPP0310,PROD002,1,30000,30000
OPPPROD0970,OPP0310,PROD004,1,4000,4000
OPPPROD0971,OPP0310,PROD009,1,10000,10000
OPPPROD0972,OPP0311,PROD001,1,12000,12000
OPPPROD0973,OPP0311,PROD006,1,12000,12000
OPPPROD0974,OPP0311,PROD008,1,5000,5000
OPPPROD0975,OPP0312,PROD003,1,60000,60000
OPPPROD0976,OPP0312,PROD007,1,6000,6000
OPPPROD0977,OPP0312,PROD010,1,20000,20000
OPPPROD0978,OPP0313,PROD002,1,30000,30000
OPPPROD0979,OPP0313,PROD009,1,10000,10000
OPPPROD0980,OPP0314,PROD003,1,60000,60000
OPPPROD0981,OPP0314,PROD007,1,6000,6000
OPPPROD0982,OPP0314,PROD010,1,20000,20000
OPPPROD0983,OPP0315,PROD003,1,60000,60000
OPPPROD0984,OPP0315,PROD004,5,4000,20000
OPPPROD0985,OPP0315,PROD007,1,6000,6000
OPPPROD0986,OPP0315,PROD010,1,20000,20000
OPPPROD0987,OPP0316,PROD002,1,30000,30000
OPPPROD0988,OPP0316,PROD004,2,4000,8000
OPPPROD0989,OPP0316,PROD009,1,10000,10000
OPPPROD0990,OPP0317,PROD005,1,8000,8000
OPPPROD0991,OPP0317,PROD004,1,4000,4000
OPPPROD0992,OPP0317,PROD006,1,12000,12000
OPPPROD0993,OPP0318,PROD002,1,30000,30000
OPPPROD0994,OPP0318,PROD004,5,4000,20000
OPPPROD0995,OPP0318,PROD007,1,6000,6000
OPPPROD0996,OPP0318,PROD009,1,10000,10000
OPPPROD0997,OPP0319,PROD001,1,12000,12000
OPPPROD0998,OPP0319,PROD006,1,12000,12000
OPPPROD0999,OPP0319,PROD008,1,5000,5000
OPPPROD1000,OPP0320,PROD001,1,12000,12000
OPPPROD1001,OPP0320,PROD007,1,6000,6000
OPPPROD1002,OPP0320,PROD005,1,8000,8000
OPPPROD1003,OPP0320,PROD008,1,5000,5000
OPPPROD1004,OPP0321,PROD003,1,60000,60000
OPPPROD1005,OPP0321,PROD005,1,8000,8000
OPPPROD1006,OPP0321,PROD007,1,6000,6000
OPPPROD1007,OPP0321,PROD010,1,20000,20000
OPPPROD1008,OPP0322,PROD002,1,30000,30000
OPPPROD1009,OPP0322,PROD004,1,4000,4000
OPPPROD1010,OPP0322,PROD009,1,10000,10000
OPPPROD1011,OPP0323,PROD002,1,30000,30000
OPPPROD1012,OPP0323,PROD006,1,12000,12000
OPPPROD1013,OPP0323,PROD009,1,10000,10000
OPPPROD1014,OPP0324,PROD003,1,60000,60000
OPPPROD1015,OPP0324,PROD006,1,12000,12000
OPPPROD1016,OPP0324,PROD010,1,20000,20000
OPPPROD1017,OPP0325,PROD001,1,12000,12000
OPPPROD1018,OPP0325,PROD005,1,8000,8000
OPPPROD1019,OPP0325,PROD008,1,5000,5000
OPPPROD1020,OPP0326,PROD002,1,30000,30000
OPPPROD1021,OPP0326,PROD007,1,6000,6000
OPPPROD1022,OPP0326,PROD009,1,10000,10000
OPPPROD1023,OPP0327,PROD003,1,60000,60000
OPPPROD1024,OPP0327,PROD004,5,4000,20000
OPPPROD1025,OPP0327,PROD010,1,20000,20000
OPPPROD1026,OPP0328,PROD002,1,30000,30000
OPPPROD1027,OPP0328,PROD005,1,8000,8000
OPPPROD1028,OPP0328,PROD006,1,12000,12000
OPPPROD1029,OPP0328,PROD009,1,10000,10000
OPPPROD1030,OPP0329,PROD002,1,30000,30000
OPPPROD1031,OPP0329,PROD005,1,8000,8000
OPPPROD1032,OPP0329,PROD009,1,10000,10000
OPPPROD1033,OPP0330,PROD003,1,60000,60000
OPPPROD1034,OPP0330,PROD004,5,4000,20000
OPPPROD1035,OPP0330,PROD006,1,12000,12000
OPPPROD1036,OPP0330,PROD010,1,20000,20000
OPPPROD1037,OPP0331,PROD006,1,12000,12000
OPPPROD1038,OPP0332,PROD001,1,12000,12000
OPPPROD1039,OPP0332,PROD005,1,8000,8000
OPPPROD1040,OPP0332,PROD008,1,5000,5000
OPPPROD1041,OPP0333,PROD002,1,30000,30000
OPPPROD1042,OPP0333,PROD004,2,4000,8000
OPPPROD1043,OPP0333,PROD005,1,8000,8000
OPPPROD1044,OPP0333,PROD009,1,10000,10000
OPPPROD1045,OPP0334,PROD001,1,12000,12000
OPPPROD1046,OPP0334,PROD004,5,4000,20000
OPPPROD1047,OPP0334,PROD005,1,8000,8000
OPPPROD1048,OPP0334,PROD008,1,5000,5000
OPPPROD1049,OPP0335,PROD003,1,60000,60000
OPPPROD1050,OPP0335,PROD010,1,20000,20000
OPPPROD1051,OPP0336,PROD002,1,30000,30000
OPPPROD1052,OPP0336,PROD004,5,4000,20000
OPPPROD1053,OPP0336,PROD005,1,8000,8000
OPPPROD1054,OPP0336,PROD009,1,10000,10000
OPPPROD1055,OPP0337,PROD002,1,30000,30000
OPPPROD1056,OPP0337,PROD009,1,10000,10000
OPPPROD1057,OPP0338,PROD001,1,12000,12000
OPPPROD1058,OPP0338,PROD005,1,8000,8000
OPPPROD1059,OPP0338,PROD007,1,6000,6000
OPPPROD1060,OPP0338,PROD008,1,5000,5000
OPPPROD1061,OPP0339,PROD006,1,12000,12000
OPPPROD1062,OPP0340,PROD001,1,12000,12000
OPPPROD1063,OPP0340,PROD007,1,6000,6000
OPPPROD1064,OPP0340,PROD005,1,8000,8000
OPPPROD1065,OPP0340,PROD008,1,5000,5000
OPPPROD1066,OPP0341,PROD003,1,60000,60000
OPPPROD1067,OPP0341,PROD007,1,6000,6000
OPPPROD1068,OPP0341,PROD010,1,20000,20000
OPPPROD1069,OPP0342,PROD001,1,12000,12000
OPPPROD1070,OPP0342,PROD004,1,4000,4000
OPPPROD1071,OPP0342,PROD008,1,5000,5000
OPPPROD1072,OPP0343,PROD003,1,60000,60000
OPPPROD1073,OPP0343,PROD005,1,8000,8000
OPPPROD1074,OPP0343,PROD010,1,20000,20000
OPPPROD1075,OPP0344,PROD001,1,12000,12000
OPPPROD1076,OPP0344,PROD004,1,4000,4000
OPPPROD1077,OPP0344,PROD005,1,8000,8000
OPPPROD1078,OPP0344,PROD007,1,6000,6000
OPPPROD1079,OPP0344,PROD008,1,5000,5000
OPPPROD1080,OPP0345,PROD004,4,4000,16000
OPPPROD1081,OPP0345,PROD006,1,12000,12000
OPPPROD1082,OPP0346,PROD002,1,30000,30000
OPPPROD1083,OPP0346,PROD006,1,12000,12000
OPPPROD1084,OPP0346,PROD009,1,10000,10000
OPPPROD1085,OPP0347,PROD006,1,12000,12000
OPPPROD1086,OPP0347,PROD007,1,6000,6000
OPPPROD1087,OPP0347,PROD004,3,4000,12000
OPPPROD1088,OPP0348,PROD002,1,30000,30000
OPPPROD1089,OPP0348,PROD009,1,10000,10000
OPPPROD1090,OPP0349,PROD003,1,60000,60000
OPPPROD1091,OPP0349,PROD004,4,4000,16000
OPPPROD1092,OPP0349,PROD006,1,12000,12000
OPPPROD1093,OPP0349,PROD010,1,20000,20000
OPPPROD1094,OPP0350,PROD007,1,6000,6000
OPPPROD1095,OPP0350,PROD006,1,12000,12000
OPPPROD1096,OPP0351,PROD001,1,12000,12000
OPPPROD1097,OPP0351,PROD008,1,5000,5000
OPPPROD1098,OPP0352,PROD001,1,12000,12000
OPPPROD1099,OPP0352,PROD006,1,12000,12000
OPPPROD1100,OPP0352,PROD008,1,5000,5000
OPPPROD1101,OPP0353,PROD003,1,60000,60000
OPPPROD1102,OPP0353,PROD004,5,4000,20000
OPPPROD1103,OPP0353,PROD010,1,20000,20000
OPPPROD1104,OPP0354,PROD001,1,12000,12000
OPPPROD1105,OPP0354,PROD008,1,5000,5000
OPPPROD1106,OPP0355,PROD002,1,30000,30000
OPPPROD1107,OPP0355,PROD006,1,12000,12000
OPPPROD1108,OPP0355,PROD007,1,6000,6000
OPPPROD1109,OPP0355,PROD009,1,10000,10000
OPPPROD1110,OPP0356,PROD001,1,12000,12000
OPPPROD1111,OPP0356,PROD006,1,12000,12000
OPPPROD1112,OPP0356,PROD008,1,5000,5000
OPPPROD1113,OPP0357,PROD002,1,30000,30000
OPPPROD1114,OPP0357,PROD004,4,4000,16000
OPPPROD1115,OPP0357,PROD009,1,10000,10000
OPPPROD1116,OPP0358,PROD003,1,60000,60000
OPPPROD1117,OPP0358,PROD004,5,4000,20000
OPPPROD1118,OPP0358,PROD010,1,20000,20000
OPPPROD1119,OPP0359,PROD001,1,12000,12000
OPPPROD1120,OPP0359,PROD004,1,4000,4000
OPPPROD1121,OPP0359,PROD005,1,8000,8000
OPPPROD1122,OPP0359,PROD008,1,5000,5000
OPPPROD1123,OPP0360,PROD003,1,60000,60000
OPPPROD1124,OPP0360,PROD010,1,20000,20000
OPPPROD1125,OPP0361,PROD003,1,60000,60000
OPPPROD1126,OPP0361,PROD005,1,8000,8000
OPPPROD1127,OPP0361,PROD010,1,20000,20000
OPPPROD1128,OPP0362,PROD001,1,12000,12000
OPPPROD1129,OPP0362,PROD004,5,4000,20000
OPPPROD1130,OPP0362,PROD006,1,12000,12000
OPPPROD1131,OPP0362,PROD008,1,5000,5000
OPPPROD1132,OPP0363,PROD001,1,12000,12000
OPPPROD1133,OPP0363,PROD007,1,6000,6000
OPPPROD1134,OPP0363,PROD008,1,5000,5000
OPPPROD1135,OPP0364,PROD002,1,30000,30000
OPPPROD1136,OPP0364,PROD004,3,4000,12000
OPPPROD1137,OPP0364,PROD009,1,10000,10000
OPPPROD1138,OPP0365,PROD001,1,12000,12000
OPPPROD1139,OPP0365,PROD008,1,5000,5000
OPPPROD1140,OPP0366,PROD003,1,60000,60000
OPPPROD1141,OPP0366,PROD005,1,8000,8000
OPPPROD1142,OPP0366,PROD010,1,20000,20000
OPPPROD1143,OPP0367,PROD001,1,12000,12000
OPPPROD1144,OPP0367,PROD007,1,6000,6000
OPPPROD1145,OPP0367,PROD008,1,5000,5000
OPPPROD1146,OPP0368,PROD001,1,12000,12000
OPPPROD1147,OPP0368,PROD008,1,5000,5000
OPPPROD1148,OPP0369,PROD001,1,12000,12000
OPPPROD1149,OPP0369,PROD004,1,4000,4000
OPPPROD1150,OPP0369,PROD007,1,6000,6000
OPPPROD1151,OPP0369,PROD008,1,5000,5000
OPPPROD1152,OPP0370,PROD004,3,4000,12000
OPPPROD1153,OPP0370,PROD006,1,12000,12000
OPPPROD1154,OPP0371,PROD003,1,60000,60000
OPPPROD1155,OPP0371,PROD004,5,4000,20000
OPPPROD1156,OPP0371,PROD007,1,6000,6000
OPPPROD1157,OPP0371,PROD010,1,20000,20000
OPPPROD1158,OPP0372,PROD002,1,30000,30000
OPPPROD1159,OPP0372,PROD007,1,6000,6000
OPPPROD1160,OPP0372,PROD009,1,10000,10000
OPPPROD1161,OPP0373,PROD002,1,30000,30000
OPPPROD1162,OPP0373,PROD009,1,10000,10000
OPPPROD1163,OPP0374,PROD003,1,60000,60000
OPPPROD1164,OPP0374,PROD004,4,4000,16000
OPPPROD1165,OPP0374,PROD007,1,6000,6000
OPPPROD1166,OPP0374,PROD010,1,20000,20000
OPPPROD1167,OPP0375,PROD001,1,12000,12000
OPPPROD1168,OPP0375,PROD008,1,5000,5000
OPPPROD1169,OPP0376,PROD003,1,60000,60000
OPPPROD1170,OPP0376,PROD004,5,4000,20000
OPPPROD1171,OPP0376,PROD007,1,6000,6000
OPPPROD1172,OPP0376,PROD010,1,20000,20000
OPPPROD1173,OPP0377,PROD001,1,12000,12000
OPPPROD1174,OPP0377,PROD008,1,5000,5000
OPPPROD1175,OPP0378,PROD005,1,8000,8000
OPPPROD1176,OPP0378,PROD004,2,4000,8000
OPPPROD1177,OPP0379,PROD001,1,12000,12000
OPPPROD1178,OPP0379,PROD004,1,4000,4000
OPPPROD1179,OPP0379,PROD008,1,5000,5000
OPPPROD1180,OPP0380,PROD001,1,12000,12000
OPPPROD1181,OPP0380,PROD004,1,4000,4000
OPPPROD1182,OPP0380,PROD008,1,5000,5000
OPPPROD1183,OPP0381,PROD001,1,12000,12000
OPPPROD1184,OPP0381,PROD004,1,4000,4000
OPPPROD1185,OPP0381,PROD008,1,5000,5000
OPPPROD1186,OPP0382,PROD002,1,30000,30000
OPPPROD1187,OPP0382,PROD009,1,10000,10000
OPPPROD1188,OPP0383,PROD001,1,12000,12000
OPPPROD1189,OPP0383,PROD005,1,8000,8000
OPPPROD1190,OPP0383,PROD008,1,5000,5000
OPPPROD1191,OPP0384,PROD002,1,30000,30000
OPPPROD1192,OPP0384,PROD004,5,4000,20000
OPPPROD1193,OPP0384,PROD009,1,10000,10000
OPPPROD1194,OPP0385,PROD006,1,12000,12000
OPPPROD1195,OPP0385,PROD005,1,8000,8000
OPPPROD1196,OPP0386,PROD001,1,12000,12000
OPPPROD1197,OPP0386,PROD004,1,4000,4000
OPPPROD1198,OPP0386,PROD007,1,6000,6000
OPPPROD1199,OPP0386,PROD008,1,5000,5000
OPPPROD1200,OPP0387,PROD004,1,4000,4000
OPPPROD1201,OPP0387,PROD007,1,6000,6000
OPPPROD1202,OPP0387,PROD005,1,8000,8000
OPPPROD1203,OPP0388,PROD001,1,12000,12000
OPPPROD1204,OPP0388,PROD008,1,5000,5000
OPPPROD1205,OPP0389,PROD002,1,30000,30000
OPPPROD1206,OPP0389,PROD006,1,12000,12000
OPPPROD1207,OPP0389,PROD009,1,10000,10000
OPPPROD1208,OPP0390,PROD004,2,4000,8000
OPPPROD1209,OPP0391,PROD002,1,30000,30000
OPPPROD1210,OPP0391,PROD005,1,8000,8000
OPPPROD1211,OPP0391,PROD006,1,12000,12000
OPPPROD1212,OPP0391,PROD009,1,10000,10000
OPPPROD1213,OPP0392,PROD001,1,12000,12000
OPPPROD1214,OPP0392,PROD006,1,12000,12000
OPPPROD1215,OPP0392,PROD008,1,5000,5000
OPPPROD1216,OPP0393,PROD003,1,60000,60000
OPPPROD1217,OPP0393,PROD006,1,12000,12000
OPPPROD1218,OPP0393,PROD007,1,6000,6000
OPPPROD1219,OPP0393,PROD010,1,20000,20000
OPPPROD1220,OPP0394,PROD001,1,12000,12000
OPPPROD1221,OPP0394,PROD004,1,4000,4000
OPPPROD1222,OPP0394,PROD008,1,5000,5000
OPPPROD1223,OPP0395,PROD002,1,30000,30000
OPPPROD1224,OPP0395,PROD009,1,10000,10000
OPPPROD1225,OPP0396,PROD002,1,30000,30000
OPPPROD1226,OPP0396,PROD009,1,10000,10000
OPPPROD1227,OPP0397,PROD003,1,60000,60000
OPPPROD1228,OPP0397,PROD010,1,20000,20000
OPPPROD1229,OPP0398,PROD002,1,30000,30000
OPPPROD1230,OPP0398,PROD006,1,12000,12000
OPPPROD1231,OPP0398,PROD007,1,6000,6000
OPPPROD1232,OPP0398,PROD009,1,10000,10000
OPPPROD1233,OPP0399,PROD001,1,12000,12000
OPPPROD1234,OPP0399,PROD007,1,6000,6000
OPPPROD1235,OPP0399,PROD008,1,5000,5000
OPPPROD1236,OPP0400,PROD002,1,30000,30000
OPPPROD1237,OPP0400,PROD004,1,4000,4000
OPPPROD1238,OPP0400,PROD007,1,6000,6000
OPPPROD1239,OPP0400,PROD009,1,10000,10000
OPPPROD1240,OPP0401,PROD003,1,60000,60000
OPPPROD1241,OPP0401,PROD005,1,8000,8000
OPPPROD1242,OPP0401,PROD006,1,12000,12000
OPPPROD1243,OPP0401,PROD010,1,20000,20000
OPPPROD1244,OPP0402,PROD007,1,6000,6000
OPPPROD1245,OPP0402,PROD006,1,12000,12000
OPPPROD1246,OPP0403,PROD001,1,12000,12000
OPPPROD1247,OPP0403,PROD008,1,5000,5000
OPPPROD1248,OPP0404,PROD001,1,12000,12000
OPPPROD1249,OPP0404,PROD008,1,5000,5000
OPPPROD1250,OPP0405,PROD006,1,12000,12000
OPPPROD1251,OPP0405,PROD007,1,6000,6000
OPPPROD1252,OPP0405,PROD005,1,8000,8000
OPPPROD1253,OPP0406,PROD001,1,12000,12000
OPPPROD1254,OPP0406,PROD008,1,5000,5000
OPPPROD1255,OPP0407,PROD002,1,30000,30000
OPPPROD1256,OPP0407,PROD004,5,4000,20000
OPPPROD1257,OPP0407,PROD009,1,10000,10000
OPPPROD1258,OPP0408,PROD001,1,12000,12000
OPPPROD1259,OPP0408,PROD006,1,12000,12000
OPPPROD1260,OPP0408,PROD007,1,6000,6000
OPPPROD1261,OPP0408,PROD008,1,5000,5000
OPPPROD1262,OPP0409,PROD001,1,12000,12000
OPPPROD1263,OPP0409,PROD008,1,5000,5000
OPPPROD1264,OPP0410,PROD002,1,30000,30000
OPPPROD1265,OPP0410,PROD009,1,10000,10000
OPPPROD1266,OPP0411,PROD003,1,60000,60000
OPPPROD1267,OPP0411,PROD004,1,4000,4000
OPPPROD1268,OPP0411,PROD010,1,20000,20000
OPPPROD1269,OPP0412,PROD003,1,60000,60000
OPPPROD1270,OPP0412,PROD004,5,4000,20000
OPPPROD1271,OPP0412,PROD005,1,8000,8000
OPPPROD1272,OPP0412,PROD010,1,20000,20000
OPPPROD1273,OPP0413,PROD005,1,8000,8000
OPPPROD1274,OPP0413,PROD004,4,4000,16000
OPPPROD1275,OPP0414,PROD003,1,60000,60000
OPPPROD1276,OPP0414,PROD010,1,20000,20000
OPPPROD1277,OPP0415,PROD004,2,4000,8000
OPPPROD1278,OPP0415,PROD007,1,6000,6000
OPPPROD1279,OPP0416,PROD002,1,30000,30000
OPPPROD1280,OPP0416,PROD007,1,6000,6000
OPPPROD1281,OPP0416,PROD006,1,12000,12000
OPPPROD1282,OPP0416,PROD009,1,10000,10000
OPPPROD1283,OPP0417,PROD007,1,6000,6000
OPPPROD1284,OPP0418,PROD003,1,60000,60000
OPPPROD1285,OPP0418,PROD006,1,12000,12000
OPPPROD1286,OPP0418,PROD010,1,20000,20000
OPPPROD1287,OPP0419,PROD003,1,60000,60000
OPPPROD1288,OPP0419,PROD004,5,4000,20000
OPPPROD1289,OPP0419,PROD006,1,12000,12000
OPPPROD1290,OPP0419,PROD010,1,20000,20000
OPPPROD1291,OPP0420,PROD005,1,8000,8000
OPPPROD1292,OPP0421,PROD002,1,30000,30000
OPPPROD1293,OPP0421,PROD007,1,6000,6000
OPPPROD1294,OPP0421,PROD009,1,10000,10000
OPPPROD1295,OPP0422,PROD003,1,60000,60000
OPPPROD1296,OPP0422,PROD004,2,4000,8000
OPPPROD1297,OPP0422,PROD010,1,20000,20000
OPPPROD1298,OPP0423,PROD001,1,12000,12000
OPPPROD1299,OPP0423,PROD005,1,8000,8000
OPPPROD1300,OPP0423,PROD008,1,5000,5000
OPPPROD1301,OPP0424,PROD002,1,30000,30000
OPPPROD1302,OPP0424,PROD009,1,10000,10000
OPPPROD1303,OPP0425,PROD002,1,30000,30000
OPPPROD1304,OPP0425,PROD009,1,10000,10000
