close_date_history_id,opportunity_id,old_close_date,new_close_date,changed_at,changed_by_user_id
CDH0000001,OPP0001,2024-09-21,2024-09-28,2024-08-18 21:20:21,USR006
CDH0000002,OPP0002,2026-11-04,2026-10-28,2024-10-26 20:05:51,USR012
CDH0000003,OPP0004,2025-11-04,2025-11-23,2025-11-19 14:18:57,USR006
CDH0000004,OPP0004,2025-11-23,2025-12-04,2025-12-13 19:09:13,USR006
CDH0000005,OPP0004,2025-12-04,2025-12-30,2026-01-14 06:17:00,USR006
CDH0000006,OPP0005,2026-10-25,2026-11-08,2026-09-17 00:37:23,USR012
CDH0000007,OPP0006,2026-10-12,2026-11-11,2026-09-21 11:26:03,USR010
CDH0000008,OPP0007,2026-10-08,2026-11-07,2026-07-24 03:06:16,USR007
CDH0000009,OPP0008,2025-10-21,2025-11-04,2025-08-23 07:31:39,USR012
CDH0000010,OPP0009,2026-08-27,2026-09-18,2026-08-16 16:54:44,USR009
CDH0000011,OPP0009,2026-09-18,2026-10-10,2026-08-19 08:07:27,USR009
CDH0000012,OPP0009,2026-10-10,2026-11-02,2026-08-31 13:42:24,USR009
CDH0000013,OPP0010,2026-10-19,2026-10-29,2026-08-23 07:22:35,USR006
CDH0000014,OPP0010,2026-10-29,2026-11-09,2026-09-04 09:48:58,USR006
CDH0000015,OPP0011,2026-11-07,2026-11-14,2026-08-23 10:18:04,USR009
CDH0000016,OPP0012,2023-05-16,2023-06-02,2023-05-19 00:51:51,USR008
CDH0000017,OPP0012,2023-06-02,2023-06-05,2023-06-02 14:41:37,USR008
CDH0000018,OPP0014,2026-09-07,2026-09-25,2026-08-23 18:10:23,USR007
CDH0000019,OPP0014,2026-09-25,2026-10-14,2026-08-26 17:18:14,USR007
CDH0000020,OPP0015,2026-03-06,2026-03-27,2026-02-19 11:44:41,USR012
CDH0000021,OPP0015,2026-03-27,2026-04-03,2026-02-22 16:23:21,USR012
CDH0000022,OPP0016,2023-11-06,2023-12-20,2023-11-30 19:42:46,USR012
CDH0000023,OPP0016,2023-12-20,2024-01-19,2023-12-27 12:46:09,USR012
CDH0000024,OPP0017,2025-10-18,2025-11-01,2025-09-28 01:40:44,USR006
CDH0000025,OPP0018,2026-07-26,2026-08-02,2026-07-07 12:01:12,USR010
CDH0000026,OPP0018,2026-08-02,2026-08-23,2026-07-09 03:58:36,USR010
CDH0000027,OPP0019,2026-11-05,2026-11-15,2026-09-04 14:18:37,USR012
CDH0000028,OPP0019,2026-11-15,2026-11-26,2026-09-18 23:40:27,USR012
CDH0000029,OPP0020,2026-07-03,2026-07-17,2026-06-06 07:54:33,USR012
CDH0000030,OPP0021,2026-06-23,2026-07-12,2026-07-16 22:19:02,USR011
CDH0000031,OPP0021,2026-07-12,2026-07-31,2026-07-20 02:21:05,USR011
CDH0000032,OPP0022,2025-11-21,2025-12-14,2025-11-17 22:18:40,USR008
CDH0000033,OPP0023,2026-07-10,2026-08-06,2026-07-29 09:50:17,USR008
CDH0000034,OPP0023,2026-08-06,2026-08-27,2026-09-02 06:49:40,USR008
CDH0000035,OPP0023,2026-08-27,2026-10-01,2026-09-11 00:33:07,USR008
CDH0000036,OPP0024,2025-03-31,2025-04-28,2025-04-30 16:03:13,USR011
CDH0000037,OPP0024,2025-04-28,2025-05-25,2025-05-19 20:04:26,USR011
CDH0000038,OPP0025,2022-10-07,2022-11-06,2022-07-22 01:09:04,USR012
CDH0000039,OPP0026,2023-04-27,2023-05-12,2023-04-13 11:28:53,USR011
CDH0000040,OPP0026,2023-05-12,2023-06-10,2023-05-22 02:35:38,USR011
CDH0000041,OPP0028,2026-06-19,2026-07-20,2026-06-28 07:07:49,USR009
CDH0000042,OPP0029,2026-10-06,2026-11-05,2026-09-17 11:47:52,USR006
CDH0000043,OPP0030,2026-07-23,2026-08-10,2026-08-05 00:09:42,USR007
CDH0000044,OPP0030,2026-08-10,2026-08-15,2026-08-10 03:14:42,USR007
CDH0000045,OPP0031,2025-03-04,2025-03-14,2025-03-16 20:41:03,USR009
CDH0000046,OPP0031,2025-03-14,2025-03-25,2025-04-04 04:31:54,USR009
CDH0000047,OPP0033,2026-10-08,2026-10-22,2026-08-31 20:31:29,USR006
CDH0000048,OPP0034,2026-08-13,2026-09-04,2026-08-12 05:57:24,USR010
CDH0000049,OPP0034,2026-09-04,2026-09-26,2026-08-28 12:32:45,USR010
CDH0000050,OPP0036,2024-04-29,2024-05-17,2024-05-05 01:40:33,USR012
CDH0000051,OPP0036,2024-05-17,2024-06-05,2024-05-05 08:21:34,USR012
CDH0000052,OPP0037,2024-08-22,2024-09-21,2024-09-22 03:06:30,USR009
CDH0000053,OPP0038,2024-03-27,2024-04-08,2024-03-31 17:20:10,USR009
CDH0000054,OPP0038,2024-04-08,2024-05-03,2024-04-02 13:52:18,USR009
CDH0000055,OPP0040,2026-11-26,2026-12-10,2026-09-16 09:32:10,USR008
CDH0000056,OPP0041,2023-01-31,2023-03-02,2023-01-29 14:11:05,USR011
CDH0000057,OPP0042,2026-03-07,2026-04-06,2026-03-11 13:02:13,USR012
CDH0000058,OPP0042,2026-04-06,2026-05-06,2026-03-29 06:49:09,USR012
CDH0000059,OPP0043,2026-10-20,2026-10-06,2026-08-31 23:17:20,USR011
CDH0000060,OPP0044,2022-08-22,2022-09-20,2022-09-02 21:14:17,USR012
CDH0000061,OPP0044,2022-09-20,2022-10-12,2022-10-02 18:11:35,USR012
CDH0000062,OPP0044,2022-10-12,2022-11-18,2022-10-11 04:18:18,USR012
CDH0000063,OPP0045,2026-09-15,2026-09-27,2026-09-20 22:12:42,USR009
CDH0000064,OPP0046,2025-03-12,2025-03-30,2025-02-15 09:25:06,USR012
CDH0000065,OPP0046,2025-03-30,2025-04-18,2025-02-20 20:50:16,USR012
CDH0000066,OPP0047,2025-06-20,2025-06-17,2025-06-27 05:01:14,USR008
CDH0000067,OPP0048,2023-05-26,2023-06-03,2023-05-21 23:55:19,USR006
CDH0000068,OPP0048,2023-06-03,2023-06-12,2023-05-23 08:53:48,USR006
CDH0000069,OPP0049,2023-11-19,2023-12-03,2023-10-09 20:52:58,USR009
CDH0000070,OPP0050,2026-01-14,2026-02-05,2026-01-11 06:05:48,USR010
CDH0000071,OPP0050,2026-02-05,2026-02-27,2026-01-29 00:29:54,USR010
CDH0000072,OPP0051,2026-08-02,2026-08-15,2026-08-19 18:49:03,USR010
CDH0000073,OPP0051,2026-08-15,2026-09-11,2026-08-29 01:17:43,USR010
CDH0000074,OPP0052,2024-08-31,2024-09-18,2024-09-08 03:02:57,USR012
CDH0000075,OPP0052,2024-09-18,2024-10-07,2024-10-02 02:19:17,USR012
CDH0000076,OPP0053,2026-09-25,2026-10-02,2026-08-23 06:22:40,USR006
CDH0000077,OPP0054,2026-04-10,2026-05-09,2026-03-11 12:08:59,USR011
CDH0000078,OPP0054,2026-05-09,2026-05-24,2026-03-23 22:17:33,USR011
CDH0000079,OPP0055,2025-02-03,2025-02-21,2024-12-18 11:44:31,USR011
CDH0000080,OPP0055,2025-02-21,2025-03-12,2025-01-16 04:14:02,USR011
CDH0000081,OPP0057,2026-10-28,2026-10-14,2026-09-22 01:51:23,USR008
CDH0000082,OPP0058,2026-12-01,2026-12-08,2026-09-11 10:24:45,USR007
CDH0000083,OPP0059,2022-11-02,2022-10-19,2022-10-13 00:33:04,USR009
CDH0000084,OPP0060,2026-10-23,2026-11-22,2026-09-10 16:08:42,USR006
CDH0000085,OPP0061,2023-02-06,2023-02-13,2023-01-11 21:37:55,USR011
CDH0000086,OPP0061,2023-02-13,2023-02-20,2023-01-27 14:16:27,USR011
CDH0000087,OPP0062,2026-08-04,2026-08-15,2026-07-30 08:51:09,USR012
CDH0000088,OPP0062,2026-08-15,2026-08-19,2026-08-04 08:34:09,USR012
CDH0000089,OPP0062,2026-08-19,2026-09-06,2026-08-21 09:20:01,USR012
CDH0000090,OPP0062,2026-09-06,2026-09-17,2026-08-22 10:58:13,USR012
CDH0000091,OPP0063,2024-06-06,2024-05-23,2024-05-13 00:49:45,USR008
CDH0000092,OPP0064,2026-02-19,2026-03-12,2026-02-21 17:12:15,USR010
CDH0000093,OPP0064,2026-03-12,2026-03-13,2026-03-01 02:14:13,USR010
CDH0000094,OPP0064,2026-03-13,2026-04-04,2026-03-17 11:49:54,USR010
CDH0000095,OPP0065,2026-08-18,2026-08-30,2026-08-23 18:51:01,USR007
CDH0000096,OPP0065,2026-08-30,2026-09-12,2026-09-05 19:13:17,USR007
CDH0000097,OPP0066,2025-10-26,2025-10-30,2025-10-29 15:48:15,USR008
CDH0000098,OPP0066,2025-10-30,2025-11-03,2025-11-11 23:17:13,USR008
CDH0000099,OPP0067,2024-01-07,2024-02-02,2024-01-19 01:01:09,USR010
CDH0000100,OPP0067,2024-02-02,2024-02-15,2024-02-15 15:20:14,USR010
CDH0000101,OPP0068,2026-07-30,2026-08-09,2026-07-17 15:26:16,USR009
CDH0000102,OPP0068,2026-08-09,2026-08-12,2026-07-21 16:02:42,USR009
CDH0000103,OPP0068,2026-08-12,2026-08-08,2026-07-30 18:28:40,USR009
CDH0000104,OPP0069,2026-11-24,2026-11-10,2026-09-14 07:47:16,USR006
CDH0000105,OPP0071,2026-11-22,2026-12-22,2026-09-06 14:22:28,USR012
CDH0000106,OPP0073,2026-03-22,2026-04-21,2026-02-27 18:08:20,USR012
CDH0000107,OPP0074,2025-10-17,2025-10-06,2025-08-10 01:10:35,USR011
CDH0000108,OPP0074,2025-10-06,2025-09-26,2025-08-17 17:12:15,USR011
CDH0000109,OPP0075,2026-10-02,2026-10-16,2026-09-07 11:57:31,USR008
CDH0000110,OPP0076,2025-06-10,2025-06-17,2025-06-12 16:16:27,USR005
CDH0000111,OPP0078,2024-08-26,2024-09-14,2024-08-26 06:53:46,USR011
CDH0000112,OPP0078,2024-09-14,2024-09-20,2024-08-31 09:09:36,USR011
CDH0000113,OPP0079,2023-07-10,2023-08-24,2023-08-14 22:00:44,USR011
CDH0000114,OPP0081,2025-11-04,2025-11-11,2025-11-07 16:33:23,USR005
CDH0000115,OPP0082,2024-06-28,2024-07-05,2024-06-29 04:56:22,USR005
CDH0000116,OPP0082,2024-07-05,2024-07-27,2024-06-30 17:44:39,USR005
CDH0000117,OPP0083,2026-08-27,2026-09-24,2026-09-14 05:25:34,USR011
CDH0000118,OPP0083,2026-09-24,2026-10-23,2026-09-17 13:56:34,USR011
CDH0000119,OPP0084,2024-06-18,2024-06-25,2024-05-28 14:59:47,USR005
CDH0000120,OPP0084,2024-06-25,2024-07-02,2024-06-04 01:29:54,USR005
CDH0000121,OPP0085,2026-10-24,2026-10-10,2026-09-11 16:45:10,USR006
CDH0000122,OPP0087,2026-09-24,2026-10-01,2026-09-21 05:13:21,USR011
CDH0000123,OPP0088,2026-09-20,2026-11-04,2026-09-09 04:35:06,USR011
CDH0000124,OPP0089,2026-08-30,2026-09-29,2026-09-04 01:00:21,USR006
CDH0000125,OPP0090,2024-07-04,2024-07-11,2024-07-10 13:35:07,USR011
CDH0000126,OPP0091,2026-07-31,2026-09-14,2026-08-10 11:47:32,USR005
CDH0000127,OPP0092,2024-04-06,2024-04-26,2024-04-01 15:44:51,USR012
CDH0000128,OPP0092,2024-04-26,2024-05-22,2024-04-25 11:34:14,USR012
CDH0000129,OPP0092,2024-05-22,2024-06-03,2024-04-30 23:45:05,USR012
CDH0000130,OPP0093,2024-07-15,2024-07-20,2024-07-04 04:06:27,USR006
CDH0000131,OPP0093,2024-07-20,2024-08-07,2024-07-17 05:58:27,USR006
CDH0000132,OPP0094,2025-09-03,2025-09-13,2025-09-08 08:16:12,USR009
CDH0000133,OPP0094,2025-09-13,2025-09-24,2025-09-20 23:34:44,USR009
CDH0000134,OPP0096,2024-08-19,2024-09-08,2024-08-27 02:34:39,USR007
CDH0000135,OPP0096,2024-09-08,2024-09-28,2024-09-08 12:50:29,USR007
CDH0000136,OPP0097,2026-07-31,2026-08-13,2026-07-30 18:44:15,USR007
CDH0000137,OPP0097,2026-08-13,2026-08-13,2026-08-05 14:04:41,USR007
CDH0000138,OPP0098,2025-08-20,2025-08-13,2025-07-02 14:17:54,USR008
CDH0000139,OPP0099,2026-02-25,2026-03-01,2026-02-08 11:16:36,USR010
CDH0000140,OPP0099,2026-03-01,2026-03-04,2026-03-13 22:33:40,USR010
CDH0000141,OPP0100,2024-05-13,2024-06-01,2024-05-26 13:43:42,USR012
CDH0000142,OPP0100,2024-06-01,2024-06-20,2024-06-09 11:50:28,USR012
CDH0000143,OPP0101,2026-10-03,2026-09-30,2026-09-21 01:20:27,USR011
CDH0000144,OPP0102,2024-03-15,2024-03-22,2024-03-28 06:41:42,USR005
CDH0000145,OPP0103,2026-03-04,2026-03-18,2026-03-10 20:58:46,USR008
CDH0000146,OPP0104,2026-08-31,2026-09-30,2026-09-02 07:33:32,USR010
CDH0000147,OPP0105,2026-01-26,2026-02-05,2026-01-27 17:04:01,USR007
CDH0000148,OPP0105,2026-02-05,2026-02-15,2026-02-02 13:39:25,USR007
CDH0000149,OPP0106,2026-01-27,2026-02-03,2026-02-03 20:48:04,USR010
CDH0000150,OPP0107,2026-09-23,2026-10-16,2026-09-13 23:13:25,USR012
CDH0000151,OPP0107,2026-10-16,2026-11-22,2026-09-17 12:48:35,USR012
CDH0000152,OPP0108,2025-02-22,2025-03-19,2025-03-02 18:59:46,USR012
CDH0000153,OPP0108,2025-03-19,2025-03-30,2025-03-17 04:39:59,USR012
CDH0000154,OPP0109,2024-09-20,2024-10-08,2024-10-02 17:21:11,USR008
CDH0000155,OPP0110,2026-12-03,2026-11-26,2026-09-20 14:00:00,USR009
CDH0000156,OPP0111,2026-08-22,2026-09-06,2026-07-23 20:37:36,USR010
CDH0000157,OPP0111,2026-09-06,2026-09-28,2026-08-27 18:20:39,USR010
CDH0000158,OPP0111,2026-09-28,2026-10-07,2026-09-07 03:20:45,USR010
CDH0000159,OPP0112,2025-04-30,2025-05-28,2025-05-11 13:51:34,USR011
CDH0000160,OPP0112,2025-05-28,2025-07-01,2025-05-21 01:54:05,USR011
CDH0000161,OPP0112,2025-07-01,2025-07-21,2025-06-17 04:49:24,USR011
CDH0000162,OPP0113,2026-10-30,2026-11-29,2026-09-14 07:10:30,USR005
CDH0000163,OPP0114,2026-10-05,2026-09-28,2026-08-27 12:42:49,USR005
CDH0000164,OPP0114,2026-09-28,2026-10-05,2026-09-19 07:39:11,USR005
CDH0000165,OPP0115,2024-08-19,2024-09-18,2024-08-17 16:09:30,USR009
CDH0000166,OPP0116,2023-08-23,2023-09-22,2023-10-07 23:32:02,USR010
CDH0000167,OPP0116,2023-09-22,2023-10-22,2023-10-15 20:26:16,USR010
CDH0000168,OPP0117,2026-09-02,2026-10-02,2026-09-09 08:41:03,USR006
CDH0000169,OPP0119,2026-07-22,2026-08-21,2026-08-04 22:18:33,USR006
CDH0000170,OPP0122,2024-10-14,2024-10-26,2024-11-14 05:38:05,USR011
CDH0000171,OPP0122,2024-10-26,2024-11-14,2024-11-25 18:25:05,USR011
CDH0000172,OPP0122,2024-11-14,2024-11-19,2024-12-08 08:10:14,USR011
CDH0000173,OPP0123,2026-07-30,2026-08-21,2026-08-01 03:15:00,USR005
CDH0000174,OPP0123,2026-08-21,2026-09-12,2026-08-07 10:33:13,USR005
CDH0000175,OPP0124,2023-12-23,2024-01-06,2023-11-10 23:06:09,USR011
CDH0000176,OPP0125,2026-10-07,2026-10-21,2026-08-31 03:43:02,USR006
CDH0000177,OPP0126,2026-05-26,2026-06-20,2026-06-05 14:23:50,USR009
CDH0000178,OPP0126,2026-06-20,2026-07-02,2026-06-29 06:19:15,USR009
CDH0000179,OPP0127,2025-11-21,2025-12-15,2025-12-08 16:00:12,USR010
CDH0000180,OPP0127,2025-12-15,2026-01-15,2026-01-01 09:08:12,USR010
CDH0000181,OPP0127,2026-01-15,2026-02-01,2026-01-12 11:14:45,USR010
CDH0000182,OPP0128,2023-10-17,2023-10-28,2023-10-11 20:19:50,USR006
CDH0000183,OPP0129,2026-09-30,2026-10-31,2026-09-22 16:10:21,USR006
CDH0000184,OPP0130,2024-11-05,2024-11-13,2024-11-18 07:17:38,USR011
CDH0000185,OPP0130,2024-11-13,2024-12-06,2024-11-20 13:39:24,USR011
CDH0000186,OPP0130,2024-12-06,2024-12-22,2024-11-23 00:17:29,USR011
CDH0000187,OPP0130,2024-12-22,2025-01-07,2024-12-28 21:36:24,USR011
CDH0000188,OPP0131,2026-11-09,2026-11-16,2026-09-21 08:12:14,USR012
CDH0000189,OPP0132,2025-12-16,2025-12-09,2025-12-09 06:31:38,USR006
CDH0000190,OPP0133,2023-03-20,2023-04-19,2023-03-20 02:00:34,USR011
CDH0000191,OPP0135,2024-03-28,2024-03-29,2024-03-24 19:39:06,USR008
CDH0000192,OPP0136,2026-01-04,2026-01-26,2025-12-27 13:09:59,USR010
CDH0000193,OPP0136,2026-01-26,2026-02-17,2026-01-13 12:31:16,USR010
CDH0000194,OPP0137,2025-12-18,2026-01-20,2026-01-05 09:29:41,USR012
CDH0000195,OPP0137,2026-01-20,2026-02-07,2026-01-10 10:13:17,USR012
CDH0000196,OPP0138,2026-08-31,2026-08-24,2026-04-30 23:00:41,USR010
CDH0000197,OPP0139,2026-09-05,2026-09-19,2026-04-19 10:03:41,USR012
CDH0000198,OPP0139,2026-09-19,2026-10-03,2026-08-26 18:21:53,USR012
CDH0000199,OPP0142,2024-07-15,2024-07-16,2024-07-25 15:28:40,USR009
CDH0000200,OPP0142,2024-07-16,2024-07-31,2024-08-10 14:15:36,USR009
CDH0000201,OPP0143,2025-06-09,2025-06-16,2025-05-25 10:50:13,USR008
CDH0000202,OPP0143,2025-06-16,2025-06-09,2025-06-04 15:24:22,USR008
CDH0000203,OPP0144,2022-11-06,2022-12-06,2022-10-22 14:30:53,USR012
CDH0000204,OPP0145,2026-10-14,2026-10-28,2026-09-14 06:26:42,USR008
CDH0000205,OPP0146,2025-12-24,2026-01-03,2025-12-26 17:11:10,USR008
CDH0000206,OPP0147,2026-10-13,2026-11-12,2026-09-22 21:57:10,USR012
CDH0000207,OPP0148,2024-10-11,2024-11-06,2024-10-09 08:25:42,USR006
CDH0000208,OPP0148,2024-11-06,2024-11-17,2024-10-11 20:02:39,USR006
CDH0000209,OPP0149,2026-07-03,2026-08-02,2026-06-18 02:36:34,USR010
CDH0000210,OPP0149,2026-08-02,2026-09-16,2026-06-25 18:14:59,USR010
CDH0000211,OPP0150,2025-03-03,2025-02-18,2025-03-17 08:29:54,USR006
CDH0000212,OPP0151,2026-01-17,2026-01-20,2025-12-01 22:26:54,USR012
CDH0000213,OPP0151,2026-01-20,2026-01-10,2026-01-29 18:24:39,USR012
CDH0000214,OPP0152,2026-11-11,2026-11-18,2026-09-17 21:17:42,USR010
CDH0000215,OPP0153,2024-06-30,2024-07-30,2024-06-22 13:34:37,USR009
CDH0000216,OPP0154,2023-04-30,2023-05-14,2023-03-29 01:24:02,USR005
CDH0000217,OPP0155,2023-12-21,2024-01-04,2023-11-16 03:48:28,USR011
CDH0000218,OPP0156,2025-07-05,2025-07-08,2025-06-27 07:07:53,USR009
CDH0000219,OPP0156,2025-07-08,2025-07-25,2025-07-04 15:45:36,USR009
CDH0000220,OPP0156,2025-07-25,2025-08-04,2025-07-16 16:37:56,USR009
CDH0000221,OPP0157,2024-12-24,2024-12-31,2024-12-27 19:55:57,USR008
CDH0000222,OPP0158,2023-02-19,2023-03-03,2023-02-08 23:18:56,USR008
CDH0000223,OPP0158,2023-03-03,2023-03-28,2023-02-12 16:09:42,USR008
CDH0000224,OPP0159,2025-01-10,2025-01-24,2025-01-21 23:10:12,USR010
CDH0000225,OPP0159,2025-01-24,2025-02-07,2025-01-26 13:27:53,USR010
CDH0000226,OPP0159,2025-02-07,2025-02-14,2025-02-12 20:11:28,USR010
CDH0000227,OPP0159,2025-02-14,2025-03-06,2025-02-21 08:38:26,USR010
CDH0000228,OPP0161,2024-08-05,2024-08-01,2024-08-02 10:10:22,USR006
CDH0000229,OPP0161,2024-08-01,2024-08-12,2024-08-11 15:30:27,USR006
CDH0000230,OPP0163,2026-10-04,2026-09-04,2026-09-22 11:00:00,USR012
CDH0000231,OPP0165,2026-08-26,2026-08-31,2026-08-12 03:43:04,USR012
CDH0000232,OPP0165,2026-08-31,2026-09-27,2026-08-21 03:06:16,USR012
CDH0000233,OPP0165,2026-09-27,2026-10-03,2026-08-25 14:53:08,USR012
CDH0000234,OPP0167,2025-01-20,2025-02-03,2024-12-21 13:49:26,USR008
CDH0000235,OPP0167,2025-02-03,2025-02-17,2025-01-13 22:33:31,USR008
CDH0000236,OPP0168,2026-10-18,2026-10-11,2026-08-24 14:39:41,USR011
CDH0000237,OPP0168,2026-10-11,2026-10-18,2026-09-18 13:36:44,USR011
CDH0000238,OPP0169,2023-05-25,2023-06-04,2023-05-18 10:06:22,USR010
CDH0000239,OPP0169,2023-06-04,2023-06-15,2023-05-28 18:17:21,USR010
CDH0000240,OPP0170,2025-10-25,2025-11-15,2025-11-01 21:39:38,USR005
CDH0000241,OPP0170,2025-11-15,2025-12-05,2025-11-14 01:19:49,USR005
CDH0000242,OPP0171,2023-10-15,2023-11-08,2023-09-25 11:09:22,USR010
CDH0000243,OPP0171,2023-11-08,2023-11-11,2023-10-03 07:27:44,USR010
CDH0000244,OPP0171,2023-11-11,2023-12-05,2023-10-28 14:16:32,USR010
CDH0000245,OPP0172,2026-02-23,2026-03-19,2026-03-12 21:38:14,USR006
CDH0000246,OPP0173,2023-03-28,2023-04-08,2023-02-27 02:15:56,USR012
CDH0000247,OPP0173,2023-04-08,2023-05-04,2023-03-07 03:07:35,USR012
CDH0000248,OPP0174,2023-01-09,2023-02-08,2022-12-30 06:59:04,USR012
CDH0000249,OPP0175,2026-03-23,2026-04-11,2026-03-26 08:17:01,USR008
CDH0000250,OPP0175,2026-04-11,2026-05-01,2026-03-28 11:08:41,USR008
CDH0000251,OPP0176,2026-10-13,2026-10-21,2026-09-02 16:52:24,USR006
CDH0000252,OPP0176,2026-10-21,2026-10-29,2026-09-04 01:04:57,USR006
CDH0000253,OPP0177,2026-09-03,2026-09-25,2026-08-31 16:22:54,USR012
CDH0000254,OPP0177,2026-09-25,2026-10-17,2026-09-03 12:02:25,USR012
CDH0000255,OPP0181,2026-08-14,2026-08-17,2026-02-09 08:23:32,USR010
CDH0000256,OPP0181,2026-08-17,2026-08-07,2026-05-09 00:32:33,USR010
CDH0000257,OPP0183,2025-11-18,2025-11-11,2025-11-09 11:42:10,USR011
CDH0000258,OPP0184,2022-06-29,2022-07-12,2022-06-23 07:21:35,USR012
CDH0000259,OPP0184,2022-07-12,2022-08-14,2022-06-27 14:18:27,USR012
CDH0000260,OPP0184,2022-08-14,2022-08-26,2022-08-07 10:23:25,USR012
CDH0000261,OPP0185,2024-06-26,2024-07-10,2024-07-03 02:49:30,USR008
CDH0000262,OPP0186,2025-09-16,2025-09-27,2025-07-19 13:31:32,USR012
CDH0000263,OPP0186,2025-09-27,2025-10-23,2025-08-14 21:48:40,USR012
CDH0000264,OPP0187,2024-06-21,2024-07-22,2024-07-22 07:07:38,USR012
CDH0000265,OPP0187,2024-07-22,2024-08-01,2024-08-05 11:06:43,USR012
CDH0000266,OPP0187,2024-08-01,2024-09-01,2024-08-09 01:28:47,USR012
CDH0000267,OPP0188,2026-09-09,2026-09-16,2026-09-02 15:02:34,USR011
CDH0000268,OPP0188,2026-09-16,2026-09-09,2026-09-03 17:38:41,USR011
CDH0000269,OPP0189,2025-04-12,2025-04-27,2025-03-31 05:01:31,USR011
CDH0000270,OPP0189,2025-04-27,2025-06-02,2025-04-02 23:26:21,USR011
CDH0000271,OPP0189,2025-06-02,2025-06-18,2025-05-28 03:35:45,USR011
CDH0000272,OPP0190,2025-08-11,2025-09-10,2025-08-10 13:28:40,USR012
CDH0000273,OPP0191,2022-04-14,2022-05-14,2022-05-01 19:10:29,USR011
CDH0000274,OPP0192,2026-07-22,2026-08-21,2025-11-21 08:25:06,USR009
CDH0000275,OPP0194,2025-05-06,2025-05-16,2025-05-19 18:44:31,USR006
CDH0000276,OPP0194,2025-05-16,2025-05-27,2025-05-22 22:41:35,USR006
CDH0000277,OPP0195,2024-08-13,2024-09-11,2024-08-18 06:32:09,USR010
CDH0000278,OPP0195,2024-09-11,2024-09-26,2024-09-16 21:06:57,USR010
CDH0000279,OPP0196,2026-06-02,2026-06-16,2026-06-03 18:30:35,USR011
CDH0000280,OPP0196,2026-06-16,2026-06-30,2026-07-02 21:15:44,USR011
CDH0000281,OPP0196,2026-06-30,2026-07-14,2026-07-06 14:04:23,USR011
CDH0000282,OPP0198,2026-07-24,2026-07-28,2026-07-10 07:10:41,USR009
CDH0000283,OPP0198,2026-07-28,2026-08-16,2026-07-23 21:13:07,USR009
CDH0000284,OPP0199,2025-07-08,2025-07-29,2025-08-09 05:30:10,USR010
CDH0000285,OPP0199,2025-07-29,2025-08-25,2025-08-26 14:00:55,USR010
CDH0000286,OPP0199,2025-08-25,2025-09-07,2025-09-11 02:01:48,USR010
CDH0000287,OPP0200,2026-07-11,2026-07-09,2026-07-25 03:20:20,USR007
CDH0000288,OPP0200,2026-07-09,2026-07-08,2026-08-01 23:22:22,USR007
CDH0000289,OPP0203,2026-10-24,2026-11-10,2026-08-30 15:39:12,USR007
CDH0000290,OPP0203,2026-11-10,2026-11-14,2026-09-16 18:57:30,USR007
CDH0000291,OPP0204,2024-06-24,2024-08-05,2024-08-05 23:44:32,USR012
CDH0000292,OPP0204,2024-08-05,2024-08-26,2024-08-11 03:16:53,USR012
CDH0000293,OPP0204,2024-08-26,2024-10-06,2024-09-17 19:34:14,USR012
CDH0000294,OPP0205,2026-08-29,2026-10-13,2026-08-17 17:18:47,USR005
CDH0000295,OPP0206,2025-02-27,2025-03-29,2025-01-15 04:19:32,USR009
CDH0000296,OPP0207,2026-09-13,2026-08-15,2026-09-11 17:00:00,USR010
CDH0000297,OPP0208,2026-07-05,2026-07-27,2026-05-18 05:23:30,USR009
CDH0000298,OPP0208,2026-07-27,2026-08-18,2026-06-20 17:49:37,USR009
CDH0000299,OPP0209,2025-09-11,2025-09-28,2025-09-27 18:06:09,USR010
CDH0000300,OPP0209,2025-09-28,2025-10-15,2025-10-08 13:42:15,USR010
CDH0000301,OPP0209,2025-10-15,2025-11-01,2025-10-18 13:27:40,USR010
CDH0000302,OPP0210,2022-12-03,2022-12-24,2022-12-04 22:08:40,USR009
CDH0000303,OPP0210,2022-12-24,2022-12-31,2023-01-10 17:49:52,USR009
CDH0000304,OPP0211,2024-10-15,2024-11-04,2024-10-09 15:35:20,USR008
CDH0000305,OPP0212,2026-10-29,2026-11-28,2026-09-19 00:02:16,USR012
CDH0000306,OPP0213,2024-07-16,2024-07-29,2024-07-23 18:14:22,USR008
CDH0000307,OPP0213,2024-07-29,2024-07-28,2024-07-26 01:55:14,USR008
CDH0000308,OPP0214,2025-02-26,2025-03-09,2025-03-01 21:59:02,USR009
CDH0000309,OPP0214,2025-03-09,2025-04-04,2025-03-14 13:58:12,USR009
CDH0000310,OPP0215,2026-01-20,2026-02-09,2026-01-26 08:59:23,USR006
CDH0000311,OPP0216,2026-08-01,2026-07-25,2026-05-25 17:46:56,USR009
CDH0000312,OPP0217,2026-08-27,2026-08-11,2026-09-02 09:00:00,USR009
CDH0000313,OPP0217,2026-08-11,2026-08-10,2026-09-02 09:00:00,USR009
CDH0000314,OPP0219,2023-07-07,2023-07-18,2023-07-05 04:16:12,USR006
CDH0000315,OPP0219,2023-07-18,2023-07-28,2023-07-23 20:08:05,USR006
CDH0000316,OPP0220,2026-08-23,2026-09-22,2026-09-10 04:55:56,USR006
CDH0000317,OPP0220,2026-09-22,2026-10-22,2026-09-19 02:05:11,USR006
CDH0000318,OPP0222,2025-01-25,2025-02-26,2025-02-02 22:09:12,USR011
CDH0000319,OPP0223,2025-04-09,2025-04-29,2025-04-18 15:31:28,USR006
CDH0000320,OPP0224,2026-11-16,2026-11-04,2025-11-14 18:48:45,USR005
CDH0000321,OPP0224,2026-11-04,2026-11-06,2025-11-26 04:19:43,USR005
CDH0000322,OPP0224,2026-11-06,2026-11-02,2026-02-05 05:23:10,USR005
CDH0000323,OPP0225,2026-09-16,2026-09-30,2026-08-14 16:36:20,USR006
CDH0000324,OPP0225,2026-09-30,2026-10-14,2026-08-27 04:25:22,USR006
CDH0000325,OPP0226,2026-01-14,2026-02-13,2026-01-15 05:12:09,USR010
CDH0000326,OPP0227,2025-06-24,2025-07-01,2025-07-02 02:03:26,USR010
CDH0000327,OPP0227,2025-07-01,2025-07-22,2025-07-17 05:16:19,USR010
CDH0000328,OPP0228,2026-10-26,2026-10-12,2026-06-20 03:33:46,USR012
CDH0000329,OPP0229,2026-03-15,2026-03-29,2026-03-09 17:26:41,USR005
CDH0000330,OPP0230,2023-11-28,2023-12-03,2023-11-02 13:56:22,USR009
CDH0000331,OPP0230,2023-12-03,2023-12-21,2023-11-08 15:17:33,USR009
CDH0000332,OPP0232,2026-08-04,2026-08-28,2026-08-04 08:50:13,USR010
CDH0000333,OPP0232,2026-08-28,2026-09-14,2026-08-09 06:36:13,USR010
CDH0000334,OPP0232,2026-09-14,2026-10-16,2026-08-18 02:24:06,USR010
CDH0000335,OPP0233,2024-01-22,2024-02-20,2024-01-29 13:48:07,USR012
CDH0000336,OPP0233,2024-02-20,2024-03-06,2024-03-04 15:19:41,USR012
CDH0000337,OPP0234,2024-11-24,2024-12-24,2024-12-04 06:00:20,USR011
CDH0000338,OPP0238,2024-03-26,2024-04-22,2024-04-06 20:17:12,USR010
CDH0000339,OPP0238,2024-04-22,2024-05-06,2024-04-21 13:39:37,USR010
CDH0000340,OPP0238,2024-05-06,2024-05-27,2024-05-14 03:58:36,USR010
CDH0000341,OPP0239,2026-04-17,2026-04-24,2026-03-04 08:57:44,USR011
CDH0000342,OPP0241,2024-12-21,2024-12-22,2024-12-23 00:40:33,USR005
CDH0000343,OPP0242,2023-11-11,2023-10-24,2023-11-18 04:34:21,USR006
CDH0000344,OPP0243,2026-01-21,2026-02-20,2026-02-10 04:16:36,USR007
CDH0000345,OPP0244,2024-12-23,2024-12-16,2024-11-11 15:54:51,USR006
CDH0000346,OPP0244,2024-12-16,2024-12-09,2024-11-22 21:36:28,USR006
CDH0000347,OPP0245,2025-01-17,2025-01-13,2025-01-24 15:04:11,USR006
CDH0000348,OPP0245,2025-01-13,2025-01-09,2025-01-30 21:04:00,USR006
CDH0000349,OPP0246,2025-08-17,2025-09-06,2025-10-08 01:40:13,USR009
CDH0000350,OPP0246,2025-09-06,2025-10-17,2025-10-12 19:15:55,USR009
CDH0000351,OPP0246,2025-10-17,2025-11-07,2025-11-02 14:55:46,USR009
CDH0000352,OPP0247,2025-08-17,2025-08-11,2025-08-21 14:22:19,USR005
CDH0000353,OPP0247,2025-08-11,2025-08-06,2025-08-27 00:18:24,USR005
CDH0000354,OPP0248,2026-02-08,2026-03-01,2026-02-17 04:13:01,USR008
CDH0000355,OPP0248,2026-03-01,2026-03-09,2026-02-19 00:36:36,USR008
CDH0000356,OPP0249,2026-07-30,2026-08-28,2026-08-07 09:41:04,USR008
CDH0000357,OPP0249,2026-08-28,2026-09-13,2026-08-14 17:41:03,USR008
CDH0000358,OPP0249,2026-09-13,2026-09-28,2026-09-05 14:54:48,USR008
CDH0000359,OPP0249,2026-09-28,2026-10-28,2026-09-18 19:07:34,USR008
CDH0000360,OPP0250,2026-10-01,2026-10-15,2026-09-17 22:32:41,USR012
CDH0000361,OPP0251,2024-03-06,2024-03-20,2024-02-08 06:50:35,USR009
CDH0000362,OPP0252,2023-01-20,2023-01-30,2023-01-27 12:52:12,USR006
CDH0000363,OPP0253,2024-11-11,2024-11-04,2024-10-23 04:19:22,USR006
CDH0000364,OPP0254,2024-08-29,2024-10-05,2024-09-13 20:53:55,USR011
CDH0000365,OPP0254,2024-10-05,2024-11-12,2024-09-22 09:34:17,USR011
CDH0000366,OPP0255,2026-09-26,2026-10-26,2026-09-04 20:25:23,USR012
CDH0000367,OPP0257,2026-09-15,2026-09-25,2026-08-20 13:56:25,USR012
CDH0000368,OPP0257,2026-09-25,2026-10-06,2026-09-07 09:32:12,USR012
CDH0000369,OPP0259,2023-11-13,2023-11-24,2023-11-11 04:10:26,USR006
CDH0000370,OPP0260,2026-09-19,2026-10-03,2026-08-12 19:12:45,USR012
CDH0000371,OPP0261,2024-10-25,2024-11-14,2024-10-28 13:09:38,USR005
CDH0000372,OPP0261,2024-11-14,2024-11-20,2024-11-04 07:07:51,USR005
CDH0000373,OPP0262,2026-05-06,2026-05-29,2026-06-12 11:13:44,USR010
CDH0000374,OPP0262,2026-05-29,2026-06-08,2026-06-23 18:55:57,USR010
CDH0000375,OPP0262,2026-06-08,2026-06-25,2026-06-25 09:29:33,USR010
CDH0000376,OPP0262,2026-06-25,2026-07-12,2026-07-07 05:54:50,USR010
CDH0000377,OPP0263,2025-01-03,2025-02-01,2025-01-11 05:52:38,USR009
CDH0000378,OPP0263,2025-02-01,2025-02-24,2025-01-22 20:03:45,USR009
CDH0000379,OPP0263,2025-02-24,2025-04-02,2025-02-24 22:55:01,USR009
CDH0000380,OPP0263,2025-04-02,2025-05-02,2025-03-12 12:20:52,USR009
CDH0000381,OPP0264,2026-08-18,2026-08-26,2026-08-11 23:09:41,USR005
CDH0000382,OPP0265,2024-01-31,2024-01-24,2024-01-07 02:26:14,USR006
CDH0000383,OPP0266,2026-11-03,2026-10-20,2026-09-08 21:56:41,USR006
CDH0000384,OPP0267,2026-05-01,2026-05-20,2026-05-05 14:23:30,USR009
CDH0000385,OPP0267,2026-05-20,2026-06-07,2026-05-17 17:55:52,USR009
CDH0000386,OPP0268,2026-04-03,2026-04-17,2026-03-10 00:19:07,USR005
CDH0000387,OPP0269,2026-06-03,2026-06-10,2026-05-22 20:34:27,USR007
CDH0000388,OPP0273,2026-10-29,2026-11-12,2026-09-08 18:16:52,USR010
CDH0000389,OPP0274,2026-08-25,2026-08-27,2026-07-23 17:55:48,USR011
CDH0000390,OPP0274,2026-08-27,2026-09-05,2026-08-10 02:24:28,USR011
CDH0000391,OPP0274,2026-09-05,2026-08-24,2026-08-14 17:14:56,USR011
CDH0000392,OPP0274,2026-08-24,2026-09-03,2026-08-17 21:31:38,USR011
CDH0000393,OPP0275,2023-06-02,2023-06-17,2023-06-08 03:47:10,USR012
CDH0000394,OPP0275,2023-06-17,2023-07-16,2023-06-13 11:19:02,USR012
CDH0000395,OPP0276,2024-05-13,2024-05-27,2024-04-27 06:51:21,USR009
CDH0000396,OPP0277,2025-01-14,2025-01-23,2025-01-12 12:56:01,USR006
CDH0000397,OPP0277,2025-01-23,2025-02-01,2025-01-19 22:51:41,USR006
CDH0000398,OPP0278,2025-08-10,2025-08-19,2025-08-18 06:06:44,USR011
CDH0000399,OPP0278,2025-08-19,2025-09-11,2025-08-30 10:09:04,USR011
CDH0000400,OPP0279,2026-11-09,2026-11-23,2026-09-10 08:22:56,USR005
CDH0000401,OPP0280,2024-02-06,2024-02-07,2024-02-18 23:28:08,USR005
CDH0000402,OPP0281,2025-05-08,2025-05-14,2025-05-11 05:06:53,USR008
CDH0000403,OPP0282,2025-02-05,2025-01-31,2025-02-21 11:52:12,USR006
CDH0000404,OPP0282,2025-01-31,2025-01-27,2025-02-22 17:52:45,USR006
CDH0000405,OPP0284,2026-07-31,2026-08-07,2026-07-20 01:11:16,USR006
CDH0000406,OPP0284,2026-08-07,2026-08-14,2026-07-20 13:37:19,USR006
CDH0000407,OPP0285,2023-10-11,2023-10-12,2023-10-15 21:04:18,USR008
CDH0000408,OPP0285,2023-10-12,2023-10-27,2023-10-24 23:29:05,USR008
CDH0000409,OPP0286,2025-09-13,2025-09-22,2025-09-20 03:48:31,USR005
CDH0000410,OPP0286,2025-09-22,2025-10-02,2025-09-21 15:46:51,USR005
CDH0000411,OPP0287,2024-12-14,2024-12-24,2024-11-26 13:00:47,USR009
CDH0000412,OPP0287,2024-12-24,2025-01-04,2024-12-23 13:49:56,USR009
CDH0000413,OPP0288,2025-07-04,2025-07-15,2025-07-05 17:28:30,USR006
CDH0000414,OPP0288,2025-07-15,2025-07-25,2025-07-12 23:34:54,USR006
CDH0000415,OPP0289,2025-03-25,2025-04-05,2025-03-30 23:38:39,USR010
CDH0000416,OPP0289,2025-04-05,2025-04-10,2025-04-06 11:09:37,USR010
CDH0000417,OPP0289,2025-04-10,2025-04-08,2025-04-06 22:54:55,USR010
CDH0000418,OPP0291,2024-10-18,2024-10-31,2024-10-28 15:26:05,USR007
CDH0000419,OPP0292,2025-12-24,2025-12-25,2025-12-08 18:36:38,USR011
CDH0000420,OPP0292,2025-12-25,2026-01-09,2025-12-27 23:08:33,USR011
CDH0000421,OPP0294,2025-01-08,2025-02-07,2025-01-02 19:31:56,USR009
CDH0000422,OPP0295,2023-09-10,2023-10-02,2023-09-28 06:20:33,USR006
CDH0000423,OPP0296,2023-07-09,2023-07-23,2023-07-20 19:13:52,USR006
CDH0000424,OPP0297,2025-04-30,2025-05-30,2025-04-22 05:07:01,USR009
CDH0000425,OPP0298,2026-06-23,2026-07-08,2026-07-26 20:13:17,USR010
CDH0000426,OPP0298,2026-07-08,2026-07-23,2026-08-18 15:25:23,USR010
CDH0000427,OPP0299,2026-11-07,2026-11-14,2026-08-15 08:31:06,USR006
CDH0000428,OPP0299,2026-11-14,2026-11-21,2026-09-03 05:15:47,USR006
CDH0000429,OPP0300,2024-10-12,2024-10-26,2024-10-05 23:21:47,USR010
CDH0000430,OPP0301,2024-07-16,2024-07-26,2024-07-07 09:47:52,USR011
CDH0000431,OPP0301,2024-07-26,2024-07-29,2024-07-11 04:50:34,USR011
CDH0000432,OPP0301,2024-07-29,2024-08-15,2024-07-23 13:59:19,USR011
CDH0000433,OPP0303,2025-09-07,2025-10-03,2025-10-09 10:27:20,USR011
CDH0000434,OPP0303,2025-10-03,2025-10-16,2025-10-14 05:16:07,USR011
CDH0000435,OPP0303,2025-10-16,2025-11-04,2025-10-16 18:03:29,USR011
CDH0000436,OPP0304,2025-01-03,2025-01-25,2025-01-03 00:31:15,USR009
CDH0000437,OPP0304,2025-01-25,2025-02-16,2025-01-14 09:07:54,USR009
CDH0000438,OPP0306,2026-10-13,2026-10-27,2026-08-25 07:50:15,USR008
CDH0000439,OPP0307,2024-09-26,2024-10-10,2024-08-29 05:59:44,USR010
CDH0000440,OPP0308,2025-05-23,2025-06-06,2025-05-22 18:02:50,USR006
CDH0000441,OPP0309,2026-09-22,2026-11-06,2026-09-07 15:42:54,USR011
CDH0000442,OPP0310,2024-01-26,2024-02-09,2024-01-30 12:39:35,USR011
CDH0000443,OPP0311,2023-12-23,2024-01-22,2024-01-05 08:58:39,USR006
CDH0000444,OPP0312,2025-12-02,2026-01-01,2025-12-18 23:24:00,USR012
CDH0000445,OPP0313,2024-11-13,2024-11-28,2024-11-13 12:53:57,USR008
CDH0000446,OPP0313,2024-11-28,2024-11-29,2024-11-26 19:38:27,USR008
CDH0000447,OPP0314,2023-12-25,2023-12-22,2023-10-13 00:37:13,USR011
CDH0000448,OPP0314,2023-12-22,2024-01-02,2023-10-15 12:55:09,USR011
CDH0000449,OPP0314,2024-01-02,2023-12-30,2023-10-23 01:55:39,USR011
CDH0000450,OPP0314,2023-12-30,2024-01-10,2023-11-17 06:03:57,USR011
CDH0000451,OPP0315,2026-09-30,2026-10-07,2026-09-18 18:28:17,USR010
CDH0000452,OPP0316,2026-09-17,2026-09-03,2026-08-14 05:36:55,USR009
CDH0000453,OPP0317,2025-11-05,2025-11-11,2025-11-03 13:56:35,USR008
CDH0000454,OPP0318,2026-04-11,2026-04-28,2026-04-17 16:57:11,USR011
CDH0000455,OPP0318,2026-04-28,2026-05-14,2026-04-25 01:24:26,USR011
CDH0000456,OPP0320,2023-12-01,2023-12-09,2023-12-11 14:15:32,USR007
CDH0000457,OPP0320,2023-12-09,2023-12-18,2023-12-12 08:16:33,USR007
CDH0000458,OPP0321,2026-10-03,2026-11-02,2026-08-29 00:55:51,USR012
CDH0000459,OPP0322,2026-02-15,2026-02-22,2026-02-25 07:01:29,USR011
CDH0000460,OPP0322,2026-02-22,2026-03-16,2026-03-12 04:57:25,USR011
CDH0000461,OPP0323,2026-09-14,2026-10-14,2026-09-05 11:28:53,USR012
CDH0000462,OPP0324,2026-10-19,2026-10-26,2026-08-30 17:19:02,USR010
CDH0000463,OPP0324,2026-10-26,2026-11-16,2026-09-13 17:17:53,USR010
CDH0000464,OPP0326,2026-10-23,2026-11-22,2026-09-10 11:35:52,USR009
CDH0000465,OPP0327,2024-01-27,2024-03-12,2024-03-03 14:47:00,USR011
CDH0000466,OPP0328,2026-08-30,2026-09-28,2026-08-29 19:31:31,USR006
CDH0000467,OPP0328,2026-09-28,2026-10-27,2026-09-05 23:37:10,USR006
CDH0000468,OPP0330,2026-11-17,2026-11-03,2026-09-22 20:00:00,USR011
CDH0000469,OPP0331,2024-02-20,2024-03-05,2024-01-13 01:09:19,USR011
CDH0000470,OPP0333,2023-07-05,2023-08-04,2023-08-07 17:25:30,USR010
CDH0000471,OPP0334,2026-10-27,2026-11-03,2026-05-15 07:13:48,USR012
CDH0000472,OPP0334,2026-11-03,2026-11-10,2026-06-03 04:40:20,USR012
CDH0000473,OPP0335,2026-08-09,2026-08-23,2026-08-28 08:50:01,USR012
CDH0000474,OPP0335,2026-08-23,2026-09-06,2026-08-30 11:07:15,USR012
CDH0000475,OPP0336,2025-07-06,2025-07-18,2025-07-17 06:57:10,USR009
CDH0000476,OPP0336,2025-07-18,2025-08-12,2025-08-11 09:03:13,USR009
CDH0000477,OPP0337,2022-10-31,2022-11-14,2022-10-18 15:56:01,USR010
CDH0000478,OPP0338,2023-10-16,2023-10-12,2023-10-17 19:20:35,USR006
CDH0000479,OPP0339,2025-09-01,2025-09-08,2025-07-30 14:54:34,USR008
CDH0000480,OPP0340,2026-10-05,2026-10-15,2026-08-13 04:51:06,USR007
CDH0000481,OPP0340,2026-10-15,2026-10-26,2026-09-03 05:25:41,USR007
CDH0000482,OPP0341,2026-10-31,2026-12-15,2026-09-14 19:52:06,USR011
CDH0000483,OPP0342,2025-01-10,2025-01-23,2025-01-12 22:02:04,USR007
CDH0000484,OPP0343,2024-11-01,2024-11-26,2024-12-29 12:53:46,USR012
CDH0000485,OPP0343,2024-11-26,2024-12-22,2024-12-30 18:21:41,USR012
CDH0000486,OPP0344,2026-08-23,2026-09-14,2025-05-14 07:55:31,USR006
CDH0000487,OPP0344,2026-09-14,2026-10-06,2026-03-04 03:56:39,USR006
CDH0000488,OPP0345,2025-10-24,2025-11-23,2025-10-31 03:20:41,USR011
CDH0000489,OPP0346,2026-10-08,2026-10-14,2026-09-26 20:44:31,USR010
CDH0000490,OPP0347,2025-01-06,2025-01-17,2025-01-03 08:53:15,USR006
CDH0000491,OPP0348,2026-09-12,2026-09-26,2026-07-18 14:31:29,USR011
CDH0000492,OPP0349,2026-10-16,2026-10-23,2026-09-08 15:01:37,USR010
CDH0000493,OPP0350,2024-02-03,2024-02-18,2024-01-21 02:16:41,USR011
CDH0000494,OPP0350,2024-02-18,2024-03-11,2024-01-21 02:51:05,USR011
CDH0000495,OPP0350,2024-03-11,2024-04-09,2024-01-25 23:02:31,USR011
CDH0000496,OPP0351,2026-10-15,2026-10-29,2026-09-22 16:51:04,USR011
CDH0000497,OPP0352,2026-10-14,2026-11-13,2026-09-22 11:02:11,USR006
CDH0000498,OPP0354,2025-02-20,2025-02-27,2025-02-07 14:32:42,USR005
CDH0000499,OPP0354,2025-02-27,2025-03-06,2025-02-11 01:59:07,USR005
CDH0000500,OPP0355,2026-11-07,2026-11-21,2026-09-10 23:40:03,USR006
CDH0000501,OPP0356,2024-12-14,2024-12-13,2024-12-08 23:52:12,USR008
CDH0000502,OPP0357,2026-10-03,2026-08-19,2026-09-21 08:00:00,USR009
CDH0000503,OPP0358,2025-11-17,2025-12-17,2025-11-09 12:59:46,USR011
CDH0000504,OPP0359,2026-04-14,2026-04-14,2026-04-23 07:28:35,USR005
CDH0000505,OPP0359,2026-04-14,2026-04-15,2026-05-10 10:54:23,USR005
CDH0000506,OPP0360,2026-09-16,2026-08-28,2026-09-12 22:00:00,USR012
CDH0000507,OPP0362,2026-09-27,2026-10-11,2026-08-25 22:27:54,USR012
CDH0000508,OPP0362,2026-10-11,2026-10-25,2026-09-20 01:21:49,USR012
CDH0000509,OPP0363,2023-04-20,2023-04-09,2023-04-29 09:50:11,USR006
CDH0000510,OPP0364,2022-09-12,2022-10-12,2022-08-29 16:40:13,USR009
CDH0000511,OPP0365,2026-07-18,2026-08-02,2026-08-06 22:04:56,USR006
CDH0000512,OPP0365,2026-08-02,2026-08-31,2026-08-31 14:54:56,USR006
CDH0000513,OPP0365,2026-08-31,2026-09-22,2026-09-13 07:54:19,USR006
CDH0000514,OPP0366,2025-01-12,2025-02-11,2025-02-02 04:02:56,USR012
CDH0000515,OPP0367,2026-04-20,2026-04-28,2026-04-21 18:46:58,USR005
CDH0000516,OPP0367,2026-04-28,2026-05-19,2026-05-06 18:31:08,USR005
CDH0000517,OPP0368,2026-11-03,2026-11-10,2026-09-21 05:47:52,USR006
CDH0000518,OPP0369,2026-10-31,2026-11-14,2026-09-15 12:16:18,USR008
CDH0000519,OPP0371,2026-08-30,2026-09-09,2026-08-16 18:05:41,USR010
CDH0000520,OPP0371,2026-09-09,2026-10-10,2026-08-29 18:40:30,USR010
CDH0000521,OPP0371,2026-10-10,2026-10-20,2026-09-07 13:31:38,USR010
CDH0000522,OPP0372,2026-10-26,2026-11-02,2025-06-02 00:57:12,USR009
CDH0000523,OPP0373,2023-11-14,2023-11-30,2023-11-15 18:57:35,USR007
CDH0000524,OPP0373,2023-11-30,2023-12-02,2023-11-28 23:24:10,USR007
CDH0000525,OPP0374,2026-11-01,2026-11-08,2026-07-03 19:42:16,USR010
CDH0000526,OPP0375,2025-03-19,2025-04-13,2025-03-19 17:28:21,USR005
CDH0000527,OPP0375,2025-04-13,2025-04-25,2025-04-12 14:29:16,USR005
CDH0000528,OPP0376,2025-05-21,2025-06-02,2025-06-04 21:47:09,USR010
CDH0000529,OPP0376,2025-06-02,2025-06-15,2025-06-19 21:23:02,USR010
CDH0000530,OPP0376,2025-06-15,2025-06-21,2025-06-29 16:47:49,USR010
CDH0000531,OPP0376,2025-06-21,2025-07-11,2025-07-01 21:07:28,USR010
CDH0000532,OPP0377,2025-10-04,2025-09-27,2025-08-17 01:34:28,USR012
CDH0000533,OPP0378,2026-10-11,2026-10-18,2026-09-05 06:53:04,USR009
CDH0000534,OPP0379,2025-05-09,2025-05-01,2025-05-14 00:10:16,USR008
CDH0000535,OPP0380,2026-09-06,2026-09-25,2026-09-06 06:48:32,USR007
CDH0000536,OPP0380,2026-09-25,2026-10-14,2026-09-14 22:40:36,USR007
CDH0000537,OPP0381,2024-09-26,2024-10-13,2024-10-09 01:46:03,USR005
CDH0000538,OPP0382,2026-01-16,2026-01-30,2026-01-14 15:15:34,USR006
CDH0000539,OPP0386,2026-07-13,2026-08-12,2026-07-31 11:35:29,USR007
CDH0000540,OPP0386,2026-08-12,2026-09-18,2026-08-05 13:23:11,USR007
CDH0000541,OPP0386,2026-09-18,2026-10-11,2026-08-24 02:54:06,USR007
CDH0000542,OPP0387,2024-05-08,2024-05-20,2024-05-28 04:32:59,USR012
CDH0000543,OPP0387,2024-05-20,2024-06-08,2024-06-23 20:25:40,USR012
CDH0000544,OPP0387,2024-06-08,2024-06-12,2024-06-29 10:05:56,USR012
CDH0000545,OPP0388,2026-08-13,2026-09-12,2026-08-28 00:30:29,USR009
CDH0000546,OPP0388,2026-09-12,2026-10-13,2026-09-13 05:31:41,USR009
CDH0000547,OPP0389,2024-10-26,2024-11-19,2024-10-24 11:22:58,USR008
CDH0000548,OPP0389,2024-11-19,2024-11-30,2024-11-13 12:01:02,USR008
CDH0000549,OPP0390,2025-11-25,2025-12-09,2025-11-21 04:48:48,USR006
CDH0000550,OPP0391,2026-09-09,2026-09-24,2026-09-05 04:51:54,USR010
CDH0000551,OPP0391,2026-09-24,2026-10-23,2026-09-10 19:05:28,USR010
CDH0000552,OPP0392,2026-08-27,2026-09-10,2026-07-17 02:43:49,USR006
CDH0000553,OPP0392,2026-09-10,2026-09-24,2026-08-09 09:12:54,USR006
CDH0000554,OPP0392,2026-09-24,2026-10-08,2026-08-21 06:38:40,USR006
CDH0000555,OPP0394,2026-10-09,2026-10-23,2026-09-20 16:52:52,USR005
CDH0000556,OPP0395,2026-09-20,2026-09-22,2026-09-18 12:15:45,USR006
CDH0000557,OPP0397,2023-12-02,2023-11-27,2023-10-22 15:34:56,USR010
CDH0000558,OPP0397,2023-11-27,2023-11-29,2023-11-04 02:54:23,USR010
CDH0000559,OPP0397,2023-11-29,2023-11-18,2023-11-10 09:17:28,USR010
CDH0000560,OPP0399,2026-08-29,2026-08-20,2026-09-03 23:00:00,USR006
CDH0000561,OPP0399,2026-08-20,2026-08-11,2026-09-03 23:00:00,USR006
CDH0000562,OPP0400,2026-10-05,2026-11-03,2026-09-03 15:43:00,USR010
CDH0000563,OPP0400,2026-11-03,2026-11-18,2026-09-19 05:54:05,USR010
CDH0000564,OPP0401,2025-02-02,2025-02-07,2025-01-22 18:28:15,USR009
CDH0000565,OPP0401,2025-02-07,2025-02-26,2025-02-18 21:46:31,USR009
CDH0000566,OPP0401,2025-02-26,2025-03-09,2025-03-28 12:50:26,USR009
CDH0000567,OPP0402,2025-11-28,2025-12-30,2025-12-21 13:44:15,USR009
CDH0000568,OPP0402,2025-12-30,2026-01-10,2026-01-16 18:04:33,USR009
CDH0000569,OPP0402,2026-01-10,2026-02-04,2026-02-04 11:32:42,USR009
CDH0000570,OPP0402,2026-02-04,2026-03-07,2026-02-28 20:16:41,USR009
CDH0000571,OPP0403,2026-09-30,2026-10-07,2026-08-25 08:59:41,USR006
CDH0000572,OPP0404,2023-11-10,2023-11-24,2023-10-19 17:40:57,USR005
CDH0000573,OPP0405,2024-09-05,2024-09-28,2024-09-19 09:12:20,USR011
CDH0000574,OPP0405,2024-09-28,2024-10-08,2024-10-10 05:31:05,USR011
CDH0000575,OPP0405,2024-10-08,2024-10-25,2024-10-14 18:29:05,USR011
CDH0000576,OPP0406,2025-12-10,2025-12-29,2025-12-31 15:31:12,USR005
CDH0000577,OPP0406,2025-12-29,2026-01-16,2026-01-02 21:19:52,USR005
CDH0000578,OPP0407,2026-10-29,2026-11-28,2026-09-20 23:55:50,USR011
CDH0000579,OPP0408,2026-10-01,2026-10-19,2026-08-20 14:53:23,USR005
CDH0000580,OPP0408,2026-10-19,2026-11-07,2026-09-02 22:08:07,USR005
CDH0000581,OPP0409,2025-11-23,2025-11-30,2025-11-01 12:50:06,USR008
CDH0000582,OPP0410,2025-08-13,2025-08-27,2025-08-24 17:15:29,USR009
CDH0000583,OPP0411,2026-11-21,2026-12-05,2026-09-20 20:00:00,USR010
CDH0000584,OPP0412,2026-09-14,2026-09-21,2026-09-13 11:14:31,USR012
CDH0000585,OPP0413,2026-06-14,2026-07-21,2026-06-29 03:11:18,USR012
CDH0000586,OPP0413,2026-07-21,2026-08-12,2026-07-10 15:54:09,USR012
CDH0000587,OPP0414,2026-07-05,2026-08-04,2026-07-31 00:09:19,USR012
CDH0000588,OPP0415,2024-05-27,2024-06-01,2024-05-12 19:48:49,USR009
CDH0000589,OPP0415,2024-06-01,2024-06-14,2024-05-18 11:31:19,USR009
CDH0000590,OPP0415,2024-06-14,2024-07-04,2024-05-18 21:46:29,USR009
CDH0000591,OPP0415,2024-07-04,2024-07-17,2024-06-12 13:45:59,USR009
CDH0000592,OPP0416,2025-10-06,2025-09-22,2025-09-07 15:37:45,USR005
CDH0000593,OPP0417,2026-05-17,2026-05-31,2026-04-29 07:41:36,USR011
CDH0000594,OPP0418,2026-09-06,2026-09-21,2026-08-06 17:56:36,USR012
CDH0000595,OPP0418,2026-09-21,2026-10-20,2026-08-23 17:27:32,USR012
CDH0000596,OPP0419,2026-04-29,2026-05-13,2026-03-28 08:16:46,USR009
CDH0000597,OPP0420,2025-02-18,2025-03-04,2025-02-19 13:47:33,USR007
CDH0000598,OPP0421,2026-10-22,2026-10-29,2026-09-07 13:59:53,USR009
CDH0000599,OPP0422,2025-10-26,2025-11-25,2025-11-25 20:03:15,USR010
CDH0000600,OPP0423,2024-02-21,2024-03-10,2024-02-23 20:08:43,USR005
CDH0000601,OPP0424,2026-09-05,2026-09-29,2026-09-10 10:02:02,USR011
CDH0000602,OPP0425,2025-11-06,2025-11-20,2025-10-27 23:56:54,USR007
