forecast_snapshot_id,snapshot_date,opportunity_id,owner_id,stage,forecast_category,stage_probability,expected_close_date,net_arr,last_activity_date
FS0000001,2022-03-31,OPP0191,USR011,Discovery,Pipeline,10,2022-04-14,36892,2022-03-30
FS0000002,2022-03-31,OPP0236,USR006,Solution Evaluation,Commit,40,2022-04-30,11820,2022-03-31
FS0000003,2022-04-30,OPP0191,USR011,Negotiation / Legal,Best Case,80,2022-04-14,36892,2022-04-22
FS0000004,2022-04-30,OPP0329,USR007,Qualification,Pipeline,40,2022-05-07,37772,2022-04-23
FS0000005,2022-05-31,OPP0184,USR012,Discovery,Pipeline,25,2022-06-29,64308,
FS0000006,2022-06-30,OPP0025,USR012,Discovery,Commit,10,2022-10-07,84040,
FS0000007,2022-06-30,OPP0184,USR012,Solution Evaluation,Pipeline,40,2022-08-14,64308,2022-06-21
FS0000008,2022-07-31,OPP0025,USR012,Qualification,Pipeline,25,2022-11-06,84040,2022-07-20
FS0000009,2022-07-31,OPP0184,USR012,Negotiation / Legal,Best Case,80,2022-08-14,64308,2022-07-15
FS0000010,2022-07-31,OPP0364,USR009,Qualification,Pipeline,80,2022-09-12,40026,2022-07-25
FS0000011,2022-08-31,OPP0025,USR012,Proposal,Commit,60,2022-11-06,84040,2022-08-19
FS0000012,2022-08-31,OPP0044,USR012,Solution Evaluation,Pipeline,40,2022-08-22,83162,2022-08-28
FS0000013,2022-08-31,OPP0059,USR009,Discovery,Pipeline,10,2022-11-02,34276,2022-08-23
FS0000014,2022-08-31,OPP0364,USR009,Proposal,Best Case,60,2022-10-12,40026,2022-08-20
FS0000015,2022-09-30,OPP0025,USR012,Commit,Commit,90,2022-11-06,84040,2022-09-22
FS0000016,2022-09-30,OPP0044,USR012,Proposal,Best Case,25,2022-09-20,83162,2022-09-30
FS0000017,2022-09-30,OPP0059,USR009,Solution Evaluation,Best Case,40,2022-11-02,34276,2022-09-12
FS0000018,2022-09-30,OPP0144,USR012,Qualification,Pipeline,25,2022-11-06,83420,2022-09-17
FS0000019,2022-09-30,OPP0337,USR010,Discovery,Pipeline,10,2022-10-31,25590,
FS0000020,2022-10-31,OPP0044,USR012,Commit,Commit,90,2022-11-18,83162,2022-10-31
FS0000021,2022-10-31,OPP0144,USR012,Solution Evaluation,Pipeline,25,2022-12-06,83420,2022-10-30
FS0000022,2022-10-31,OPP0337,USR010,Proposal,Best Case,60,2022-11-14,25590,2022-10-31
FS0000023,2022-11-30,OPP0144,USR012,Commit,Commit,90,2022-12-06,83420,2022-11-12
FS0000024,2022-11-30,OPP0174,USR012,Discovery,Pipeline,10,2023-01-09,90804,2022-11-29
FS0000025,2022-11-30,OPP0210,USR009,Qualification,Pipeline,25,2022-12-03,53700,2022-11-24
FS0000026,2022-12-31,OPP0041,USR011,Solution Evaluation,Pipeline,40,2023-01-31,26942,2022-12-30
FS0000027,2022-12-31,OPP0061,USR011,Discovery,Pipeline,10,2023-02-06,54208,2022-12-20
FS0000028,2022-12-31,OPP0174,USR012,Qualification,Pipeline,25,2023-02-08,90804,2022-12-22
FS0000029,2022-12-31,OPP0210,USR009,Proposal,Best Case,60,2022-12-24,53700,2022-12-22
FS0000030,2023-01-31,OPP0041,USR011,Proposal,Best Case,60,2023-03-02,26942,2023-01-31
FS0000031,2023-01-31,OPP0061,USR011,Solution Evaluation,Pipeline,40,2023-02-20,54208,2023-01-17
FS0000032,2023-01-31,OPP0158,USR008,Solution Evaluation,Commit,40,2023-02-19,19180,2023-01-29
FS0000033,2023-01-31,OPP0173,USR012,Discovery,Pipeline,10,2023-03-28,87912,
FS0000034,2023-01-31,OPP0174,USR012,Solution Evaluation,Pipeline,40,2023-02-08,90804,2023-01-18
FS0000035,2023-01-31,OPP0252,USR006,Proposal,Best Case,60,2023-01-30,24928,2023-01-23
FS0000036,2023-02-28,OPP0133,USR011,Qualification,Pipeline,25,2023-03-20,62208,2023-02-26
FS0000037,2023-02-28,OPP0173,USR012,Qualification,Pipeline,25,2023-04-08,87912,2023-02-18
FS0000038,2023-03-31,OPP0026,USR011,Solution Evaluation,Pipeline,40,2023-04-27,55624,2023-03-20
FS0000039,2023-03-31,OPP0086,USR008,Discovery,Pipeline,10,2023-04-23,9480,
FS0000040,2023-03-31,OPP0133,USR011,Commit,Pipeline,90,2023-04-19,62208,2023-03-29
FS0000041,2023-03-31,OPP0154,USR005,Proposal,Best Case,60,2023-05-14,37590,2023-03-29
FS0000042,2023-03-31,OPP0173,USR012,Negotiation / Legal,Best Case,80,2023-05-04,87912,2023-03-28
FS0000043,2023-04-30,OPP0026,USR011,Proposal,Best Case,60,2023-05-12,55624,2023-04-18
FS0000044,2023-04-30,OPP0086,USR008,Negotiation / Legal,Best Case,80,2023-04-23,9480,2023-04-25
FS0000045,2023-04-30,OPP0173,USR012,Commit,Commit,90,2023-05-04,87912,2023-04-02
FS0000046,2023-04-30,OPP0275,USR012,Discovery,Pipeline,10,2023-06-02,49500,2023-04-25
FS0000047,2023-04-30,OPP0363,USR006,Proposal,Best Case,60,2023-04-09,16272,2023-04-30
FS0000048,2023-05-31,OPP0012,USR008,Negotiation / Legal,Pipeline,25,2023-06-02,19240,2023-05-30
FS0000049,2023-05-31,OPP0048,USR006,Solution Evaluation,Pipeline,40,2023-06-12,37810,2023-05-21
FS0000050,2023-05-31,OPP0169,USR010,Proposal,Best Case,60,2023-06-15,67248,2023-05-28
FS0000051,2023-05-31,OPP0275,USR012,Solution Evaluation,Pipeline,40,2023-06-02,49500,2023-05-25
FS0000052,2023-06-30,OPP0079,USR011,Qualification,Pipeline,25,2023-07-10,34428,2023-06-23
FS0000053,2023-06-30,OPP0116,USR010,Discovery,Pipeline,10,2023-08-23,44608,
FS0000054,2023-06-30,OPP0219,USR006,Solution Evaluation,Pipeline,40,2023-07-07,43780,2023-06-30
FS0000055,2023-06-30,OPP0275,USR012,Proposal,Best Case,60,2023-07-16,49500,2023-06-26
FS0000056,2023-06-30,OPP0296,USR006,Qualification,Pipeline,25,2023-07-09,25194,2023-06-28
FS0000057,2023-06-30,OPP0333,USR010,Qualification,Pipeline,25,2023-07-05,45770,2023-06-28
FS0000058,2023-07-31,OPP0079,USR011,Proposal,Best Case,60,2023-07-10,34428,2023-07-05
FS0000059,2023-07-31,OPP0116,USR010,Qualification,Pipeline,25,2023-08-23,44608,2023-07-07
FS0000060,2023-07-31,OPP0333,USR010,Negotiation / Legal,Best Case,80,2023-07-05,45770,2023-07-24
FS0000061,2023-08-31,OPP0116,USR010,Proposal,Best Case,60,2023-08-23,44608,2023-08-27
FS0000062,2023-08-31,OPP0171,USR010,Discovery,Pipeline,10,2023-10-15,86240,2023-08-29
FS0000063,2023-08-31,OPP0295,USR006,Discovery,Pipeline,10,2023-09-10,18810,
FS0000064,2023-08-31,OPP0397,USR010,Discovery,Pipeline,10,2023-12-02,54240,2023-08-31
FS0000065,2023-09-30,OPP0049,USR009,Discovery,Pipeline,10,2023-11-19,33762,2023-09-15
FS0000066,2023-09-30,OPP0056,USR006,Qualification,Pipeline,25,2023-11-25,11640,2023-09-30
FS0000067,2023-09-30,OPP0116,USR010,Negotiation / Legal,Best Case,80,2023-08-23,44608,2023-09-22
FS0000068,2023-09-30,OPP0124,USR011,Qualification,Pipeline,25,2023-12-23,41400,2023-09-29
FS0000069,2023-09-30,OPP0155,USR011,Discovery,Pipeline,10,2023-12-21,53360,
FS0000070,2023-09-30,OPP0171,USR010,Discovery,Pipeline,10,2023-11-08,86240,2023-08-29
FS0000071,2023-09-30,OPP0230,USR009,Qualification,Pipeline,25,2023-11-28,77520,2023-09-20
FS0000072,2023-09-30,OPP0235,USR012,Qualification,Pipeline,25,2024-01-08,45850,2023-09-21
FS0000073,2023-09-30,OPP0285,USR008,Discovery,Pipeline,10,2023-10-11,23376,2023-09-28
FS0000074,2023-09-30,OPP0295,USR006,Proposal,Best Case,60,2023-10-02,18810,2023-09-25
FS0000075,2023-09-30,OPP0314,USR011,Qualification,Pipeline,25,2023-12-25,63294,
FS0000076,2023-09-30,OPP0397,USR010,Solution Evaluation,Pipeline,40,2023-12-02,54240,2023-09-27
FS0000077,2023-09-30,OPP0404,USR005,Discovery,Best Case,10,2023-11-10,10896,2023-09-28
FS0000078,2023-10-31,OPP0016,USR012,Discovery,Pipeline,10,2023-11-06,40446,
FS0000079,2023-10-31,OPP0049,USR009,Qualification,Pipeline,25,2023-12-03,33762,2023-10-22
FS0000080,2023-10-31,OPP0077,USR009,Discovery,Pipeline,10,2024-01-29,5670,
FS0000081,2023-10-31,OPP0124,USR011,Proposal,Best Case,60,2023-12-23,41400,2023-10-12
FS0000082,2023-10-31,OPP0155,USR011,Solution Evaluation,Pipeline,40,2023-12-21,53360,2023-10-18
FS0000083,2023-10-31,OPP0171,USR010,Qualification,Pipeline,25,2023-12-05,86240,2023-10-21
FS0000084,2023-10-31,OPP0230,USR009,Solution Evaluation,Pipeline,40,2023-11-28,77520,2023-10-04
FS0000085,2023-10-31,OPP0235,USR012,Proposal,Best Case,60,2024-01-08,45850,2023-09-21
FS0000086,2023-10-31,OPP0242,USR006,Qualification,Pipeline,25,2023-11-11,11316,
FS0000087,2023-10-31,OPP0259,USR006,Discovery,Pipeline,10,2023-11-13,14448,
FS0000088,2023-10-31,OPP0314,USR011,Proposal,Best Case,60,2023-12-30,63294,2023-10-27
FS0000089,2023-10-31,OPP0373,USR007,Discovery,Pipeline,10,2023-11-14,28560,
FS0000090,2023-10-31,OPP0397,USR010,Proposal,Best Case,60,2023-11-27,54240,2023-10-16
FS0000091,2023-11-30,OPP0016,USR012,Qualification,Pipeline,25,2023-12-20,40446,2023-11-22
FS0000092,2023-11-30,OPP0077,USR009,Solution Evaluation,Pipeline,40,2024-01-29,5670,2023-11-17
FS0000093,2023-11-30,OPP0124,USR011,Negotiation / Legal,Best Case,80,2024-01-06,41400,2023-11-27
FS0000094,2023-11-30,OPP0155,USR011,Proposal,Best Case,60,2024-01-04,53360,2023-11-30
FS0000095,2023-11-30,OPP0230,USR009,Negotiation / Legal,Best Case,80,2023-12-21,77520,2023-11-28
FS0000096,2023-11-30,OPP0235,USR012,Negotiation / Legal,Best Case,80,2024-01-08,45850,2023-11-25
FS0000097,2023-11-30,OPP0314,USR011,Negotiation / Legal,Best Case,80,2024-01-10,63294,2023-11-02
FS0000098,2023-11-30,OPP0320,USR007,Qualification,Pipeline,25,2023-12-01,24206,2023-11-26
FS0000099,2023-11-30,OPP0327,USR011,Discovery,Pipeline,10,2024-01-27,76080,
FS0000100,2023-11-30,OPP0373,USR007,Commit,Commit,90,2023-12-02,28560,2023-11-29
FS0000101,2023-12-31,OPP0016,USR012,Solution Evaluation,Pipeline,40,2024-01-19,40446,2023-12-27
FS0000102,2023-12-31,OPP0067,USR010,Discovery,Pipeline,10,2024-01-07,38192,
FS0000103,2023-12-31,OPP0077,USR009,Negotiation / Legal,Pipeline,80,2024-01-29,5670,2023-12-17
FS0000104,2023-12-31,OPP0233,USR012,Discovery,Pipeline,10,2024-01-22,53730,
FS0000105,2023-12-31,OPP0265,USR006,Solution Evaluation,Pipeline,40,2024-01-31,10836,2023-12-31
FS0000106,2023-12-31,OPP0310,USR011,Discovery,Pipeline,10,2024-01-26,31246,
FS0000107,2023-12-31,OPP0311,USR006,Solution Evaluation,Pipeline,40,2023-12-23,22656,2023-12-31
FS0000108,2023-12-31,OPP0327,USR011,Qualification,Pipeline,25,2024-01-27,76080,2023-12-09
FS0000109,2023-12-31,OPP0331,USR011,Qualification,Pipeline,25,2024-02-20,11292,2023-12-22
FS0000110,2023-12-31,OPP0350,USR011,Qualification,Pipeline,25,2024-02-03,12276,2023-12-30
FS0000111,2024-01-31,OPP0067,USR010,Qualification,Pipeline,25,2024-02-02,38192,2024-01-20
FS0000112,2024-01-31,OPP0233,USR012,Solution Evaluation,Pipeline,40,2024-02-20,53730,2024-01-08
FS0000113,2024-01-31,OPP0251,USR009,Qualification,Pipeline,25,2024-03-06,58740,2024-01-25
FS0000114,2024-01-31,OPP0280,USR005,Discovery,Pipeline,10,2024-02-06,24448,2024-01-25
FS0000115,2024-01-31,OPP0310,USR011,Proposal,Best Case,60,2024-02-09,31246,2024-01-26
FS0000116,2024-01-31,OPP0327,USR011,Qualification,Pipeline,25,2024-01-27,76080,2024-01-31
FS0000117,2024-01-31,OPP0331,USR011,Proposal,Best Case,60,2024-03-05,11292,2024-01-24
FS0000118,2024-01-31,OPP0350,USR011,Proposal,Best Case,60,2024-04-09,12276,2024-01-29
FS0000119,2024-02-29,OPP0038,USR009,Discovery,Pipeline,10,2024-03-27,26432,2024-02-27
FS0000120,2024-02-29,OPP0067,USR010,Solution Evaluation,Best Case,40,2024-02-15,38192,2024-02-17
FS0000121,2024-02-29,OPP0233,USR012,Proposal,Best Case,60,2024-02-20,53730,2024-02-25
FS0000122,2024-02-29,OPP0251,USR009,Proposal,Best Case,60,2024-03-20,58740,2024-01-25
FS0000123,2024-02-29,OPP0276,USR009,Discovery,Pipeline,10,2024-05-13,58960,2024-02-28
FS0000124,2024-02-29,OPP0327,USR011,Solution Evaluation,Pipeline,40,2024-01-27,76080,2024-02-10
FS0000125,2024-02-29,OPP0344,USR006,Discovery,Pipeline,10,2026-08-23,28440,
FS0000126,2024-02-29,OPP0350,USR011,Commit,Commit,90,2024-04-09,12276,2024-01-29
FS0000127,2024-02-29,OPP0423,USR005,Proposal,Best Case,60,2024-03-10,18600,2024-02-24
FS0000128,2024-03-31,OPP0003,USR011,Qualification,Pipeline,25,2024-05-08,27660,
FS0000129,2024-03-31,OPP0038,USR009,Negotiation / Legal,Best Case,80,2024-04-08,26432,2024-03-16
FS0000130,2024-03-31,OPP0092,USR012,Solution Evaluation,Pipeline,40,2024-04-06,89148,2024-03-18
FS0000131,2024-03-31,OPP0102,USR005,Negotiation / Legal,Best Case,80,2024-03-22,11088,2024-03-26
FS0000132,2024-03-31,OPP0135,USR008,Proposal,Best Case,60,2024-03-29,15030,2024-03-31
FS0000133,2024-03-31,OPP0166,USR009,Discovery,Pipeline,10,2024-07-06,47200,
FS0000134,2024-03-31,OPP0238,USR010,Qualification,Pipeline,25,2024-03-26,13678,2024-03-24
FS0000135,2024-03-31,OPP0251,USR009,Negotiation / Legal,Best Case,80,2024-03-20,58740,2024-03-29
FS0000136,2024-03-31,OPP0276,USR009,Discovery,Pipeline,10,2024-05-13,58960,2024-02-28
FS0000137,2024-03-31,OPP0344,USR006,Discovery,Pipeline,10,2026-08-23,28440,
FS0000138,2024-04-30,OPP0002,USR012,Discovery,Pipeline,10,2026-11-04,27832,
FS0000139,2024-04-30,OPP0003,USR011,Negotiation / Legal,Best Case,80,2024-05-08,27660,2024-04-26
FS0000140,2024-04-30,OPP0036,USR012,Solution Evaluation,Pipeline,40,2024-04-29,29376,2024-04-28
FS0000141,2024-04-30,OPP0063,USR008,Discovery,Pipeline,10,2024-06-06,17298,2024-04-30
FS0000142,2024-04-30,OPP0092,USR012,Proposal,Best Case,60,2024-06-03,89148,2024-04-25
FS0000143,2024-04-30,OPP0100,USR012,Discovery,Pipeline,10,2024-05-13,37840,
FS0000144,2024-04-30,OPP0153,USR009,Discovery,Pipeline,10,2024-06-30,10320,2024-04-28
FS0000145,2024-04-30,OPP0166,USR009,Qualification,Pipeline,25,2024-07-06,47200,2024-04-29
FS0000146,2024-04-30,OPP0238,USR010,Proposal,Best Case,60,2024-05-06,13678,2024-04-26
FS0000147,2024-04-30,OPP0276,USR009,Qualification,Pipeline,10,2024-05-27,58960,2024-04-23
FS0000148,2024-04-30,OPP0344,USR006,Discovery,Pipeline,10,2026-08-23,28440,
FS0000149,2024-04-30,OPP0387,USR012,Discovery,Pipeline,10,2024-05-08,16596,
FS0000150,2024-04-30,OPP0415,USR009,Solution Evaluation,Pipeline,40,2024-05-27,13426,2024-04-25
FS0000151,2024-05-31,OPP0002,USR012,Discovery,Pipeline,10,2026-11-04,27832,2024-05-01
FS0000152,2024-05-31,OPP0036,USR012,Commit,Commit,90,2024-06-05,29376,2024-05-31
FS0000153,2024-05-31,OPP0084,USR005,Solution Evaluation,Pipeline,40,2024-06-25,15138,2024-05-31
FS0000154,2024-05-31,OPP0092,USR012,Commit,Commit,90,2024-06-03,89148,2024-05-26
FS0000155,2024-05-31,OPP0100,USR012,Solution Evaluation,Pipeline,40,2024-06-01,37840,2024-05-25
FS0000156,2024-05-31,OPP0153,USR009,Solution Evaluation,Pipeline,40,2024-06-30,10320,2024-05-13
FS0000157,2024-05-31,OPP0166,USR009,Solution Evaluation,Pipeline,40,2024-07-06,47200,2024-05-20
FS0000158,2024-05-31,OPP0301,USR011,Qualification,Pipeline,25,2024-07-16,71760,2024-05-30
FS0000159,2024-05-31,OPP0344,USR006,Discovery,Pipeline,10,2026-08-23,28440,
FS0000160,2024-05-31,OPP0387,USR012,Solution Evaluation,Commit,40,2024-05-20,16596,2024-05-28
FS0000161,2024-05-31,OPP0415,USR009,Negotiation / Legal,Best Case,25,2024-07-04,13426,2024-05-29
FS0000162,2024-06-30,OPP0002,USR012,Discovery,Pipeline,10,2026-11-04,27832,2024-05-01
FS0000163,2024-06-30,OPP0082,USR005,Solution Evaluation,Pipeline,40,2024-07-27,13244,2024-06-24
FS0000164,2024-06-30,OPP0090,USR011,Solution Evaluation,Pipeline,40,2024-07-04,79120,2024-06-29
FS0000165,2024-06-30,OPP0093,USR006,Solution Evaluation,Pipeline,40,2024-07-15,22944,2024-06-26
FS0000166,2024-06-30,OPP0142,USR009,Discovery,Pipeline,10,2024-07-15,67104,2024-06-25
FS0000167,2024-06-30,OPP0185,USR008,Solution Evaluation,Pipeline,40,2024-06-26,11040,2024-06-30
FS0000168,2024-06-30,OPP0187,USR012,Solution Evaluation,Pipeline,40,2024-06-21,36360,2024-06-22
FS0000169,2024-06-30,OPP0204,USR012,Qualification,Pipeline,25,2024-06-24,74240,2024-06-25
FS0000170,2024-06-30,OPP0218,USR012,Qualification,Pipeline,25,2024-09-19,54300,2024-06-28
FS0000171,2024-06-30,OPP0270,USR010,Discovery,Pipeline,10,2026-08-04,78862,
FS0000172,2024-06-30,OPP0301,USR011,Proposal,Commit,60,2024-07-16,71760,2024-06-25
FS0000173,2024-06-30,OPP0344,USR006,Qualification,Pipeline,25,2026-08-23,28440,2024-06-25
FS0000174,2024-06-30,OPP0387,USR012,Negotiation / Legal,Best Case,80,2024-06-12,16596,2024-06-21
FS0000175,2024-07-31,OPP0001,USR006,Qualification,Pipeline,25,2024-09-21,5646,2024-07-24
FS0000176,2024-07-31,OPP0002,USR012,Discovery,Pipeline,10,2026-11-04,27832,2024-07-23
FS0000177,2024-07-31,OPP0090,USR011,Negotiation / Legal,Best Case,80,2024-07-11,79120,2024-07-30
FS0000178,2024-07-31,OPP0115,USR009,Solution Evaluation,Pipeline,40,2024-08-19,77440,2024-07-13
FS0000179,2024-07-31,OPP0142,USR009,Solution Evaluation,Pipeline,40,2024-07-16,67104,2024-07-19
FS0000180,2024-07-31,OPP0161,USR006,Discovery,Pipeline,10,2024-08-05,32976,2024-07-31
FS0000181,2024-07-31,OPP0187,USR012,Negotiation / Legal,Best Case,80,2024-07-22,36360,2024-07-28
FS0000182,2024-07-31,OPP0195,USR010,Solution Evaluation,Pipeline,40,2024-08-13,18300,2024-07-30
FS0000183,2024-07-31,OPP0204,USR012,Proposal,Best Case,60,2024-06-24,74240,2024-07-23
FS0000184,2024-07-31,OPP0213,USR008,Commit,Commit,90,2024-07-28,17712,2024-07-23
FS0000185,2024-07-31,OPP0218,USR012,Proposal,Best Case,60,2024-09-19,54300,2024-07-21
FS0000186,2024-07-31,OPP0270,USR010,Discovery,Pipeline,10,2026-08-04,78862,
FS0000187,2024-07-31,OPP0300,USR010,Discovery,Pipeline,10,2024-10-12,76640,
FS0000188,2024-07-31,OPP0301,USR011,Commit,Commit,90,2024-08-15,71760,2024-07-31
FS0000189,2024-07-31,OPP0307,USR010,Qualification,Pipeline,25,2024-09-26,35658,2024-07-29
FS0000190,2024-07-31,OPP0344,USR006,Qualification,Pipeline,25,2026-08-23,28440,2024-06-25
FS0000191,2024-08-31,OPP0002,USR012,Discovery,Pipeline,10,2026-11-04,27832,2024-07-23
FS0000192,2024-08-31,OPP0037,USR009,Qualification,Pipeline,25,2024-08-22,33528,2024-08-30
FS0000193,2024-08-31,OPP0052,USR012,Qualification,Pipeline,25,2024-08-31,15184,2024-08-21
FS0000194,2024-08-31,OPP0078,USR011,Proposal,Best Case,60,2024-09-20,5586,2024-08-26
FS0000195,2024-08-31,OPP0096,USR007,Solution Evaluation,Pipeline,40,2024-09-08,33132,2024-08-29
FS0000196,2024-08-31,OPP0115,USR009,Negotiation / Legal,Best Case,80,2024-09-18,77440,2024-08-30
FS0000197,2024-08-31,OPP0187,USR012,Commit,Commit,90,2024-09-01,36360,2024-08-31
FS0000198,2024-08-31,OPP0195,USR010,Negotiation / Legal,Best Case,80,2024-09-11,18300,2024-08-11
FS0000199,2024-08-31,OPP0204,USR012,Negotiation / Legal,Best Case,80,2024-08-26,74240,2024-08-24
FS0000200,2024-08-31,OPP0254,USR011,Solution Evaluation,Pipeline,40,2024-08-29,72734,2024-08-20
FS0000201,2024-08-31,OPP0270,USR010,Discovery,Pipeline,10,2026-08-04,78862,
FS0000202,2024-08-31,OPP0300,USR010,Qualification,Pipeline,25,2024-10-12,76640,2024-08-21
FS0000203,2024-08-31,OPP0307,USR010,Negotiation / Legal,Best Case,80,2024-10-10,35658,2024-08-20
FS0000204,2024-08-31,OPP0344,USR006,Qualification,Pipeline,25,2026-08-23,28440,2024-06-25
FS0000205,2024-08-31,OPP0405,USR011,Discovery,Pipeline,25,2024-09-05,23634,2024-08-27
FS0000206,2024-09-30,OPP0002,USR012,Discovery,Pipeline,10,2026-11-04,27832,2024-07-23
FS0000207,2024-09-30,OPP0037,USR009,Solution Evaluation,Pipeline,40,2024-09-21,33528,2024-09-11
FS0000208,2024-09-30,OPP0052,USR012,Commit,Commit,40,2024-09-18,15184,2024-09-30
FS0000209,2024-09-30,OPP0109,USR008,Solution Evaluation,Pipeline,40,2024-09-20,31552,2024-09-29
FS0000210,2024-09-30,OPP0122,USR011,Discovery,Pipeline,10,2024-10-14,25424,
FS0000211,2024-09-30,OPP0148,USR006,Discovery,Best Case,10,2024-10-11,11616,
FS0000212,2024-09-30,OPP0253,USR006,Discovery,Pipeline,10,2024-11-11,34092,
FS0000213,2024-09-30,OPP0254,USR011,Proposal,Best Case,60,2024-11-12,72734,2024-09-26
FS0000214,2024-09-30,OPP0270,USR010,Discovery,Pipeline,10,2026-08-04,78862,
FS0000215,2024-09-30,OPP0300,USR010,Negotiation / Legal,Best Case,80,2024-10-12,76640,2024-09-27
FS0000216,2024-09-30,OPP0344,USR006,Qualification,Pipeline,25,2026-08-23,28440,2024-06-25
FS0000217,2024-09-30,OPP0381,USR005,Qualification,Pipeline,25,2024-09-26,14176,2024-09-27
FS0000218,2024-09-30,OPP0405,USR011,Proposal,Best Case,60,2024-09-28,23634,2024-09-28
FS0000219,2024-10-31,OPP0002,USR012,Qualification,Pipeline,25,2026-10-28,27832,2024-07-23
FS0000220,2024-10-31,OPP0122,USR011,Proposal,Best Case,60,2024-10-14,25424,2024-10-26
FS0000221,2024-10-31,OPP0130,USR011,Discovery,Pipeline,10,2024-11-05,35834,2024-10-30
FS0000222,2024-10-31,OPP0148,USR006,Proposal,Best Case,60,2024-11-17,11616,2024-10-25
FS0000223,2024-10-31,OPP0192,USR009,Discovery,Pipeline,10,2026-07-22,72150,
FS0000224,2024-10-31,OPP0234,USR011,Qualification,Pipeline,25,2024-11-24,57868,2024-10-31
FS0000225,2024-10-31,OPP0244,USR006,Qualification,Pipeline,25,2024-12-23,24808,2024-10-28
FS0000226,2024-10-31,OPP0253,USR006,Negotiation / Legal,Best Case,80,2024-11-04,34092,2024-10-28
FS0000227,2024-10-31,OPP0261,USR005,Qualification,Pipeline,25,2024-11-14,21672,2024-10-29
FS0000228,2024-10-31,OPP0270,USR010,Discovery,Pipeline,10,2026-08-04,78862,
FS0000229,2024-10-31,OPP0300,USR010,Commit,Commit,90,2024-10-26,76640,2024-10-14
FS0000230,2024-10-31,OPP0313,USR008,Discovery,Pipeline,10,2024-11-13,27810,2024-10-30
FS0000231,2024-10-31,OPP0343,USR012,Qualification,Pipeline,25,2024-11-01,62968,2024-10-24
FS0000232,2024-10-31,OPP0344,USR006,Qualification,Pipeline,25,2026-08-23,28440,2024-10-14
FS0000233,2024-10-31,OPP0389,USR008,Solution Evaluation,Pipeline,40,2024-11-19,39900,2024-10-26
FS0000234,2024-11-30,OPP0002,USR012,Qualification,Pipeline,25,2026-10-28,27832,2024-07-23
FS0000235,2024-11-30,OPP0055,USR011,Discovery,Pipeline,10,2025-02-03,11400,2024-11-26
FS0000236,2024-11-30,OPP0122,USR011,Negotiation / Legal,Best Case,80,2024-11-14,25424,2024-11-28
FS0000237,2024-11-30,OPP0130,USR011,Solution Evaluation,Pipeline,40,2024-12-22,35834,2024-11-29
FS0000238,2024-11-30,OPP0192,USR009,Discovery,Pipeline,10,2026-07-22,72150,
FS0000239,2024-11-30,OPP0234,USR011,Proposal,Best Case,25,2024-11-24,57868,2024-11-30
FS0000240,2024-11-30,OPP0240,USR006,Solution Evaluation,Pipeline,40,2024-12-17,17490,2024-11-30
FS0000241,2024-11-30,OPP0270,USR010,Discovery,Pipeline,10,2026-08-04,78862,2024-11-28
FS0000242,2024-11-30,OPP0287,USR009,Solution Evaluation,Pipeline,40,2024-12-24,51016,2024-11-27
FS0000243,2024-11-30,OPP0294,USR009,Discovery,Pipeline,10,2025-01-08,85888,2024-11-18
FS0000244,2024-11-30,OPP0304,USR009,Discovery,Pipeline,10,2025-01-03,76506,
FS0000245,2024-11-30,OPP0343,USR012,Proposal,Best Case,60,2024-11-01,62968,2024-11-29
FS0000246,2024-11-30,OPP0344,USR006,Qualification,Pipeline,25,2026-08-23,28440,2024-10-14
FS0000247,2024-11-30,OPP0356,USR008,Discovery,Pipeline,10,2024-12-14,22992,
FS0000248,2024-11-30,OPP0366,USR012,Qualification,Pipeline,25,2025-01-12,40868,2024-11-11
FS0000249,2024-12-31,OPP0002,USR012,Qualification,Pipeline,25,2026-10-28,27832,2024-07-23
FS0000250,2024-12-31,OPP0055,USR011,Qualification,Pipeline,25,2025-02-21,11400,2024-12-13
FS0000251,2024-12-31,OPP0130,USR011,Commit,Commit,90,2025-01-07,35834,2024-12-29
FS0000252,2024-12-31,OPP0159,USR010,Discovery,Pipeline,10,2025-01-10,66096,2024-12-31
FS0000253,2024-12-31,OPP0167,USR008,Solution Evaluation,Pipeline,40,2025-02-03,12960,2024-12-30
FS0000254,2024-12-31,OPP0181,USR010,Discovery,Pipeline,10,2026-08-14,87768,
FS0000255,2024-12-31,OPP0192,USR009,Discovery,Pipeline,10,2026-07-22,72150,
FS0000256,2024-12-31,OPP0206,USR009,Discovery,Pipeline,10,2025-02-27,84968,2024-12-13
FS0000257,2024-12-31,OPP0234,USR011,Negotiation / Legal,Best Case,80,2024-12-24,57868,2024-12-30
FS0000258,2024-12-31,OPP0241,USR005,Solution Evaluation,Pipeline,40,2024-12-22,12194,2024-12-30
FS0000259,2024-12-31,OPP0263,USR009,Discovery,Pipeline,10,2025-01-03,86240,2024-12-07
FS0000260,2024-12-31,OPP0270,USR010,Qualification,Pipeline,25,2026-08-04,78862,2024-12-27
FS0000261,2024-12-31,OPP0277,USR006,Discovery,Pipeline,10,2025-01-14,41034,
FS0000262,2024-12-31,OPP0294,USR009,Solution Evaluation,Pipeline,40,2025-01-08,85888,2024-12-30
FS0000263,2024-12-31,OPP0304,USR009,Solution Evaluation,Pipeline,40,2025-01-03,76506,2024-12-27
FS0000264,2024-12-31,OPP0342,USR007,Discovery,Pipeline,10,2025-01-10,13072,2024-12-29
FS0000265,2024-12-31,OPP0343,USR012,Commit,Commit,90,2024-12-22,62968,2024-12-29
FS0000266,2024-12-31,OPP0344,USR006,Solution Evaluation,Pipeline,40,2026-08-23,28440,2024-10-14
FS0000267,2024-12-31,OPP0347,USR006,Qualification,Pipeline,25,2025-01-06,29850,2024-12-31
FS0000268,2024-12-31,OPP0366,USR012,Solution Evaluation,Pipeline,40,2025-01-12,40868,2024-12-28
FS0000269,2024-12-31,OPP0401,USR009,Discovery,Pipeline,10,2025-02-02,75840,2024-12-25
FS0000270,2025-01-31,OPP0002,USR012,Qualification,Pipeline,25,2026-10-28,27832,2024-07-23
FS0000271,2025-01-31,OPP0046,USR012,Qualification,Pipeline,25,2025-03-12,41076,2025-01-30
FS0000272,2025-01-31,OPP0055,USR011,Commit,Commit,90,2025-03-12,11400,2025-01-27
FS0000273,2025-01-31,OPP0159,USR010,Solution Evaluation,Pipeline,40,2025-02-07,66096,2025-01-29
FS0000274,2025-01-31,OPP0181,USR010,Discovery,Pipeline,10,2026-08-14,87768,
FS0000275,2025-01-31,OPP0192,USR009,Discovery,Pipeline,10,2026-07-22,72150,
FS0000276,2025-01-31,OPP0206,USR009,Qualification,Pipeline,25,2025-03-29,84968,2025-01-14
FS0000277,2025-01-31,OPP0214,USR009,Discovery,Pipeline,10,2025-02-26,74240,
FS0000278,2025-01-31,OPP0222,USR011,Solution Evaluation,Pipeline,40,2025-01-25,22500,2025-01-28
FS0000279,2025-01-31,OPP0245,USR006,Proposal,Best Case,60,2025-01-09,11928,2025-01-22
FS0000280,2025-01-31,OPP0263,USR009,Solution Evaluation,Pipeline,40,2025-02-24,86240,2025-01-16
FS0000281,2025-01-31,OPP0270,USR010,Qualification,Pipeline,25,2026-08-04,78862,2024-12-27
FS0000282,2025-01-31,OPP0277,USR006,Proposal,Best Case,60,2025-02-01,41034,2025-01-28
FS0000283,2025-01-31,OPP0282,USR006,Discovery,Pipeline,10,2025-02-05,27030,2025-01-31
FS0000284,2025-01-31,OPP0304,USR009,Negotiation / Legal,Best Case,80,2025-02-16,76506,2025-01-31
FS0000285,2025-01-31,OPP0344,USR006,Solution Evaluation,Pipeline,40,2026-08-23,28440,2024-10-14
FS0000286,2025-01-31,OPP0354,USR005,Qualification,Pipeline,25,2025-02-20,11784,2025-01-26
FS0000287,2025-01-31,OPP0366,USR012,Commit,Commit,90,2025-01-12,40868,2025-01-27
FS0000288,2025-01-31,OPP0372,USR009,Discovery,Pipeline,10,2026-10-26,35604,
FS0000289,2025-01-31,OPP0401,USR009,Qualification,Pipeline,25,2025-02-07,75840,2025-01-19
FS0000290,2025-01-31,OPP0420,USR007,Solution Evaluation,Pipeline,40,2025-02-18,7456,2025-01-26
FS0000291,2025-02-28,OPP0002,USR012,Qualification,Pipeline,25,2026-10-28,27832,2024-07-23
FS0000292,2025-02-28,OPP0031,USR009,Solution Evaluation,Pipeline,40,2025-03-04,37772,2025-02-28
FS0000293,2025-02-28,OPP0046,USR012,Proposal,Best Case,60,2025-04-18,41076,2025-02-26
FS0000294,2025-02-28,OPP0108,USR012,Qualification,Pipeline,25,2025-02-22,62436,2025-02-26
FS0000295,2025-02-28,OPP0150,USR006,Solution Evaluation,Pipeline,40,2025-03-03,24930,2025-02-28
FS0000296,2025-02-28,OPP0159,USR010,Proposal,Best Case,60,2025-03-06,66096,2025-02-27
FS0000297,2025-02-28,OPP0181,USR010,Discovery,Pipeline,10,2026-08-14,87768,2025-02-03
FS0000298,2025-02-28,OPP0192,USR009,Discovery,Pipeline,10,2026-07-22,72150,
FS0000299,2025-02-28,OPP0206,USR009,Qualification,Pipeline,25,2025-03-29,84968,2025-02-20
FS0000300,2025-02-28,OPP0214,USR009,Solution Evaluation,Pipeline,40,2025-02-26,74240,2025-02-26
FS0000301,2025-02-28,OPP0263,USR009,Proposal,Best Case,60,2025-04-02,86240,2025-01-16
FS0000302,2025-02-28,OPP0270,USR010,Qualification,Pipeline,10,2026-08-04,78862,2025-02-12
FS0000303,2025-02-28,OPP0289,USR010,Discovery,Pipeline,10,2025-03-25,43920,2025-02-24
FS0000304,2025-02-28,OPP0344,USR006,Solution Evaluation,Pipeline,40,2026-08-23,28440,2024-10-14
FS0000305,2025-02-28,OPP0372,USR009,Discovery,Pipeline,10,2026-10-26,35604,
FS0000306,2025-02-28,OPP0401,USR009,Qualification,Pipeline,25,2025-02-26,75840,2025-01-19
FS0000307,2025-02-28,OPP0420,USR007,Negotiation / Legal,Best Case,80,2025-03-04,7456,2025-02-24
FS0000308,2025-03-31,OPP0002,USR012,Qualification,Pipeline,25,2026-10-28,27832,2025-03-27
FS0000309,2025-03-31,OPP0024,USR011,Discovery,Pipeline,10,2025-03-31,42136,2025-03-28
FS0000310,2025-03-31,OPP0031,USR009,Negotiation / Legal,Best Case,80,2025-03-14,37772,2025-03-24
FS0000311,2025-03-31,OPP0046,USR012,Commit,Commit,90,2025-04-18,41076,2025-03-30
FS0000312,2025-03-31,OPP0181,USR010,Discovery,Pipeline,10,2026-08-14,87768,2025-02-03
FS0000313,2025-03-31,OPP0189,USR011,Solution Evaluation,Pipeline,40,2025-04-27,53136,2025-03-30
FS0000314,2025-03-31,OPP0192,USR009,Discovery,Pipeline,10,2026-07-22,72150,
FS0000315,2025-03-31,OPP0214,USR009,Negotiation / Legal,Pipeline,80,2025-04-04,74240,2025-03-28
FS0000316,2025-03-31,OPP0223,USR006,Discovery,Pipeline,10,2025-04-09,25948,2025-03-28
FS0000317,2025-03-31,OPP0231,USR006,Negotiation / Legal,Best Case,80,2025-04-13,24908,2025-03-29
FS0000318,2025-03-31,OPP0263,USR009,Proposal,Best Case,60,2025-05-02,86240,2025-03-28
FS0000319,2025-03-31,OPP0270,USR010,Qualification,Pipeline,25,2026-08-04,78862,2025-02-12
FS0000320,2025-03-31,OPP0289,USR010,Proposal,Best Case,60,2025-04-05,43920,2025-03-24
FS0000321,2025-03-31,OPP0297,USR009,Discovery,Pipeline,10,2025-04-30,73186,2025-03-29
FS0000322,2025-03-31,OPP0344,USR006,Solution Evaluation,Pipeline,40,2026-08-23,28440,2024-10-14
FS0000323,2025-03-31,OPP0372,USR009,Discovery,Pipeline,10,2026-10-26,35604,
FS0000324,2025-03-31,OPP0375,USR005,Proposal,Best Case,60,2025-04-13,11436,2025-03-31
FS0000325,2025-03-31,OPP0401,USR009,Solution Evaluation,Pipeline,40,2025-03-09,75840,2025-03-29
FS0000326,2025-04-30,OPP0002,USR012,Solution Evaluation,Pipeline,40,2026-10-28,27832,2025-03-27
FS0000327,2025-04-30,OPP0024,USR011,Solution Evaluation,Pipeline,40,2025-04-28,42136,2025-04-24
FS0000328,2025-04-30,OPP0112,USR011,Qualification,Pipeline,25,2025-04-30,63648,2025-04-28
FS0000329,2025-04-30,OPP0156,USR009,Discovery,Pipeline,10,2025-07-05,54780,
FS0000330,2025-04-30,OPP0181,USR010,Discovery,Pipeline,10,2026-08-14,87768,2025-04-21
FS0000331,2025-04-30,OPP0189,USR011,Proposal,Best Case,60,2025-06-02,53136,2025-04-19
FS0000332,2025-04-30,OPP0192,USR009,Discovery,Pipeline,10,2026-07-22,72150,
FS0000333,2025-04-30,OPP0194,USR006,Solution Evaluation,Pipeline,40,2025-05-06,33668,2025-04-27
FS0000334,2025-04-30,OPP0270,USR010,Qualification,Commit,25,2026-08-04,78862,2025-02-12
FS0000335,2025-04-30,OPP0281,USR008,Solution Evaluation,Pipeline,40,2025-05-08,11388,2025-04-30
FS0000336,2025-04-30,OPP0289,USR010,Commit,Commit,90,2025-04-08,43920,2025-04-04
FS0000337,2025-04-30,OPP0297,USR009,Solution Evaluation,Pipeline,40,2025-05-30,73186,2025-04-13
FS0000338,2025-04-30,OPP0308,USR006,Discovery,Pipeline,10,2025-05-23,14130,2025-04-29
FS0000339,2025-04-30,OPP0344,USR006,Solution Evaluation,Commit,40,2026-08-23,28440,2024-10-14
FS0000340,2025-04-30,OPP0372,USR009,Discovery,Pipeline,10,2026-10-26,35604,2025-04-01
FS0000341,2025-04-30,OPP0379,USR008,Qualification,Pipeline,25,2025-05-09,14800,2025-04-30
FS0000342,2025-05-31,OPP0002,USR012,Solution Evaluation,Pipeline,40,2026-10-28,27832,2025-03-27
FS0000343,2025-05-31,OPP0076,USR005,Qualification,Pipeline,25,2025-06-10,24668,2025-05-30
FS0000344,2025-05-31,OPP0112,USR011,Solution Evaluation,Pipeline,40,2025-07-01,63648,2025-05-25
FS0000345,2025-05-31,OPP0143,USR008,Negotiation / Legal,Best Case,80,2025-06-16,28650,2025-05-31
FS0000346,2025-05-31,OPP0156,USR009,Qualification,Pipeline,25,2025-07-05,54780,
FS0000347,2025-05-31,OPP0181,USR010,Discovery,Pipeline,10,2026-08-14,87768,2025-04-21
FS0000348,2025-05-31,OPP0189,USR011,Commit,Commit,90,2025-06-18,53136,2025-04-19
FS0000349,2025-05-31,OPP0192,USR009,Discovery,Pipeline,10,2026-07-22,72150,2025-05-09
FS0000350,2025-05-31,OPP0270,USR010,Qualification,Pipeline,25,2026-08-04,78862,2025-02-12
FS0000351,2025-05-31,OPP0293,USR009,Discovery,Pipeline,10,2025-08-27,74400,
FS0000352,2025-05-31,OPP0297,USR009,Negotiation / Legal,Best Case,80,2025-05-30,73186,2025-05-30
FS0000353,2025-05-31,OPP0336,USR009,Discovery,Pipeline,90,2025-07-06,46110,
FS0000354,2025-05-31,OPP0344,USR006,Solution Evaluation,Pipeline,40,2026-09-14,28440,2024-10-14
FS0000355,2025-05-31,OPP0372,USR009,Discovery,Pipeline,10,2026-10-26,35604,2025-04-01
FS0000356,2025-05-31,OPP0376,USR010,Solution Evaluation,Pipeline,40,2025-05-21,83764,2025-05-27
FS0000357,2025-06-30,OPP0002,USR012,Solution Evaluation,Pipeline,40,2026-10-28,27832,2025-03-27
FS0000358,2025-06-30,OPP0047,USR008,Solution Evaluation,Pipeline,40,2025-06-17,11904,2025-06-24
FS0000359,2025-06-30,OPP0098,USR008,Discovery,Pipeline,10,2025-08-20,21720,2025-06-30
FS0000360,2025-06-30,OPP0156,USR009,Solution Evaluation,Pipeline,40,2025-07-08,54780,2025-06-29
FS0000361,2025-06-30,OPP0181,USR010,Discovery,Pipeline,10,2026-08-14,87768,2025-06-17
FS0000362,2025-06-30,OPP0186,USR012,Discovery,Pipeline,10,2025-09-16,64086,2025-06-28
FS0000363,2025-06-30,OPP0192,USR009,Discovery,Pipeline,10,2026-07-22,72150,2025-05-09
FS0000364,2025-06-30,OPP0199,USR010,Qualification,Pipeline,25,2025-07-08,47200,2025-06-08
FS0000365,2025-06-30,OPP0227,USR010,Solution Evaluation,Pipeline,40,2025-06-24,48360,2025-06-28
FS0000366,2025-06-30,OPP0270,USR010,Solution Evaluation,Pipeline,40,2026-08-04,78862,2025-02-12
FS0000367,2025-06-30,OPP0288,USR006,Qualification,Pipeline,25,2025-07-04,21960,2025-06-21
FS0000368,2025-06-30,OPP0293,USR009,Qualification,Pipeline,25,2025-08-27,74400,2025-06-30
FS0000369,2025-06-30,OPP0336,USR009,Solution Evaluation,Pipeline,40,2025-07-06,46110,2025-06-03
FS0000370,2025-06-30,OPP0339,USR008,Discovery,Pipeline,10,2025-09-01,11652,
FS0000371,2025-06-30,OPP0344,USR006,Proposal,Best Case,60,2026-09-14,28440,2025-06-08
FS0000372,2025-06-30,OPP0372,USR009,Discovery,Pipeline,10,2026-11-02,35604,2025-04-01
FS0000373,2025-06-30,OPP0376,USR010,Negotiation / Legal,Best Case,80,2025-06-21,83764,2025-06-25
FS0000374,2025-06-30,OPP0410,USR009,Discovery,Pipeline,10,2025-08-13,28830,2025-06-29
FS0000375,2025-07-31,OPP0002,USR012,Solution Evaluation,Pipeline,40,2026-10-28,27832,2025-03-27
FS0000376,2025-07-31,OPP0008,USR012,Discovery,Pipeline,10,2025-10-21,35986,
FS0000377,2025-07-31,OPP0074,USR011,Discovery,Pipeline,10,2025-10-17,7896,2025-07-27
FS0000378,2025-07-31,OPP0156,USR009,Negotiation / Legal,Commit,80,2025-08-04,54780,2025-07-29
FS0000379,2025-07-31,OPP0181,USR010,Discovery,Pipeline,10,2026-08-14,87768,2025-06-17
FS0000380,2025-07-31,OPP0186,USR012,Solution Evaluation,Pipeline,40,2025-09-27,64086,2025-07-23
FS0000381,2025-07-31,OPP0190,USR012,Qualification,Pipeline,25,2025-08-11,46600,2025-07-19
FS0000382,2025-07-31,OPP0192,USR009,Discovery,Commit,10,2026-07-22,72150,2025-05-09
FS0000383,2025-07-31,OPP0199,USR010,Solution Evaluation,Pipeline,40,2025-07-08,47200,2025-07-06
FS0000384,2025-07-31,OPP0227,USR010,Commit,Commit,90,2025-07-22,48360,2025-07-27
FS0000385,2025-07-31,OPP0270,USR010,Solution Evaluation,Pipeline,40,2026-08-04,78862,2025-02-12
FS0000386,2025-07-31,OPP0278,USR011,Qualification,Pipeline,25,2025-08-10,19400,2025-07-30
FS0000387,2025-07-31,OPP0293,USR009,Solution Evaluation,Pipeline,40,2025-08-27,74400,2025-07-02
FS0000388,2025-07-31,OPP0336,USR009,Proposal,Best Case,60,2025-07-18,46110,2025-07-31
FS0000389,2025-07-31,OPP0339,USR008,Negotiation / Legal,Best Case,80,2025-09-08,11652,2025-07-24
FS0000390,2025-07-31,OPP0344,USR006,Proposal,Best Case,60,2026-09-14,28440,2025-06-08
FS0000391,2025-07-31,OPP0372,USR009,Discovery,Pipeline,10,2026-11-02,35604,2025-07-22
FS0000392,2025-07-31,OPP0377,USR012,Discovery,Pipeline,10,2025-10-04,10860,2025-07-15
FS0000393,2025-07-31,OPP0410,USR009,Qualification,Pipeline,25,2025-08-13,28830,2025-07-28
FS0000394,2025-08-31,OPP0002,USR012,Solution Evaluation,Pipeline,40,2026-10-28,27832,2025-08-04
FS0000395,2025-08-31,OPP0008,USR012,Solution Evaluation,Pipeline,40,2025-11-04,35986,2025-08-29
FS0000396,2025-08-31,OPP0074,USR011,Proposal,Best Case,60,2025-09-26,7896,2025-08-19
FS0000397,2025-08-31,OPP0094,USR009,Solution Evaluation,Pipeline,40,2025-09-03,45250,2025-08-27
FS0000398,2025-08-31,OPP0181,USR010,Qualification,Pipeline,25,2026-08-14,87768,2025-06-17
FS0000399,2025-08-31,OPP0186,USR012,Negotiation / Legal,Best Case,80,2025-10-23,64086,2025-08-25
FS0000400,2025-08-31,OPP0190,USR012,Proposal,Best Case,60,2025-09-10,46600,2025-08-28
FS0000401,2025-08-31,OPP0192,USR009,Qualification,Pipeline,25,2026-07-22,72150,2025-05-09
FS0000402,2025-08-31,OPP0199,USR010,Negotiation / Legal,Best Case,80,2025-08-25,47200,2025-08-29
FS0000403,2025-08-31,OPP0209,USR010,Discovery,Pipeline,10,2025-09-11,35596,
FS0000404,2025-08-31,OPP0246,USR009,Qualification,Pipeline,25,2025-08-17,73656,2025-08-27
FS0000405,2025-08-31,OPP0247,USR005,Negotiation / Legal,Best Case,80,2025-08-06,20020,2025-08-31
FS0000406,2025-08-31,OPP0270,USR010,Solution Evaluation,Pipeline,40,2026-08-04,78862,2025-08-09
FS0000407,2025-08-31,OPP0278,USR011,Negotiation / Legal,Best Case,80,2025-09-11,19400,2025-08-21
FS0000408,2025-08-31,OPP0286,USR005,Discovery,Pipeline,10,2025-09-13,16660,2025-08-31
FS0000409,2025-08-31,OPP0303,USR011,Discovery,Pipeline,10,2025-09-07,27690,
FS0000410,2025-08-31,OPP0336,USR009,Negotiation / Legal,Best Case,80,2025-08-12,46110,2025-07-31
FS0000411,2025-08-31,OPP0344,USR006,Proposal,Best Case,60,2026-09-14,28440,2025-06-08
FS0000412,2025-08-31,OPP0345,USR011,Qualification,Pipeline,25,2025-10-24,18060,2025-08-16
FS0000413,2025-08-31,OPP0372,USR009,Discovery,Pipeline,60,2026-11-02,35604,2025-07-22
FS0000414,2025-08-31,OPP0377,USR012,Solution Evaluation,Pipeline,60,2025-09-27,10860,2025-08-08
FS0000415,2025-08-31,OPP0410,USR009,Qualification,Pipeline,25,2025-08-27,28830,2025-08-29
FS0000416,2025-08-31,OPP0416,USR005,Proposal,Best Case,60,2025-10-06,46080,2025-08-30
FS0000417,2025-09-30,OPP0002,USR012,Solution Evaluation,Pipeline,40,2026-10-28,27832,2025-08-04
FS0000418,2025-09-30,OPP0008,USR012,Commit,Commit,90,2025-11-04,35986,2025-08-29
FS0000419,2025-09-30,OPP0017,USR006,Solution Evaluation,Pipeline,40,2025-11-01,14672,2025-09-30
FS0000420,2025-09-30,OPP0094,USR009,Negotiation / Legal,Best Case,80,2025-09-24,45250,2025-09-24
FS0000421,2025-09-30,OPP0181,USR010,Qualification,Pipeline,25,2026-08-14,87768,2025-09-12
FS0000422,2025-09-30,OPP0190,USR012,Commit,Commit,90,2025-09-10,46600,2025-09-25
FS0000423,2025-09-30,OPP0192,USR009,Qualification,Pipeline,25,2026-07-22,72150,2025-05-09
FS0000424,2025-09-30,OPP0202,USR006,Qualification,Pipeline,25,2025-11-23,21472,2025-09-30
FS0000425,2025-09-30,OPP0209,USR010,Solution Evaluation,Pipeline,40,2025-09-28,35596,2025-09-14
FS0000426,2025-09-30,OPP0224,USR005,Discovery,Pipeline,10,2026-11-16,19500,
FS0000427,2025-09-30,OPP0246,USR009,Solution Evaluation,Pipeline,40,2025-08-17,73656,2025-09-09
FS0000428,2025-09-30,OPP0270,USR010,Solution Evaluation,Pipeline,40,2026-08-04,78862,2025-08-09
FS0000429,2025-09-30,OPP0286,USR005,Commit,Commit,90,2025-10-02,16660,2025-09-26
FS0000430,2025-09-30,OPP0303,USR011,Solution Evaluation,Pipeline,40,2025-09-07,27690,2025-09-26
FS0000431,2025-09-30,OPP0344,USR006,Proposal,Best Case,60,2026-09-14,28440,2025-06-08
FS0000432,2025-09-30,OPP0345,USR011,Proposal,Best Case,60,2025-10-24,18060,2025-09-30
FS0000433,2025-09-30,OPP0372,USR009,Qualification,Pipeline,25,2026-11-02,35604,2025-07-22
FS0000434,2025-09-30,OPP0422,USR010,Qualification,Pipeline,25,2025-10-26,61540,2025-09-25
FS0000435,2025-10-31,OPP0002,USR012,Solution Evaluation,Pipeline,40,2026-10-28,27832,2025-08-04
FS0000436,2025-10-31,OPP0004,USR006,Discovery,Pipeline,10,2025-11-04,19536,2025-10-31
FS0000437,2025-10-31,OPP0066,USR008,Proposal,Best Case,60,2025-10-30,11868,2025-10-31
FS0000438,2025-10-31,OPP0081,USR005,Solution Evaluation,Pipeline,40,2025-11-04,24150,2025-10-28
FS0000439,2025-10-31,OPP0151,USR012,Discovery,Pipeline,10,2026-01-17,90528,2025-10-22
FS0000440,2025-10-31,OPP0170,USR005,Qualification,Pipeline,25,2025-10-25,36666,2025-10-24
FS0000441,2025-10-31,OPP0181,USR010,Qualification,Pipeline,90,2026-08-14,87768,2025-09-12
FS0000442,2025-10-31,OPP0183,USR011,Proposal,Best Case,60,2025-11-18,40710,2025-10-25
FS0000443,2025-10-31,OPP0192,USR009,Qualification,Pipeline,25,2026-07-22,72150,2025-05-09
FS0000444,2025-10-31,OPP0209,USR010,Negotiation / Legal,Best Case,80,2025-11-01,35596,2025-10-31
FS0000445,2025-10-31,OPP0224,USR005,Discovery,Pipeline,10,2026-11-16,19500,
FS0000446,2025-10-31,OPP0246,USR009,Proposal,Best Case,60,2025-10-17,73656,2025-10-13
FS0000447,2025-10-31,OPP0270,USR010,Solution Evaluation,Pipeline,40,2026-08-04,78862,2025-08-09
FS0000448,2025-10-31,OPP0303,USR011,Proposal,Best Case,60,2025-11-04,27690,2025-10-15
FS0000449,2025-10-31,OPP0312,USR012,Discovery,Pipeline,10,2025-12-02,56760,
FS0000450,2025-10-31,OPP0317,USR008,Proposal,Best Case,60,2025-11-05,22992,2025-10-30
FS0000451,2025-10-31,OPP0344,USR006,Proposal,Best Case,60,2026-09-14,28440,2025-06-08
FS0000452,2025-10-31,OPP0345,USR011,Negotiation / Legal,Best Case,80,2025-11-23,18060,2025-10-31
FS0000453,2025-10-31,OPP0358,USR011,Qualification,Pipeline,25,2025-11-17,61920,2025-10-10
FS0000454,2025-10-31,OPP0372,USR009,Qualification,Commit,25,2026-11-02,35604,2025-10-13
FS0000455,2025-10-31,OPP0390,USR006,Discovery,Pipeline,10,2025-11-25,7424,2025-10-29
FS0000456,2025-10-31,OPP0409,USR008,Qualification,Pipeline,25,2025-11-23,11508,2025-10-25
FS0000457,2025-10-31,OPP0422,USR010,Solution Evaluation,Pipeline,40,2025-10-26,61540,2025-10-17
FS0000458,2025-10-31,OPP0425,USR007,Solution Evaluation,Commit,40,2025-11-20,28050,2025-10-31
FS0000459,2025-11-30,OPP0002,USR012,Proposal,Best Case,60,2026-10-28,27832,2025-08-04
FS0000460,2025-11-30,OPP0004,USR006,Qualification,Commit,25,2025-11-23,19536,2025-11-28
FS0000461,2025-11-30,OPP0127,USR010,Discovery,Pipeline,10,2025-11-21,63648,2025-11-25
FS0000462,2025-11-30,OPP0132,USR006,Discovery,Pipeline,10,2025-12-16,18720,
FS0000463,2025-11-30,OPP0136,USR010,Discovery,Pipeline,10,2026-01-04,33012,
FS0000464,2025-11-30,OPP0151,USR012,Qualification,Pipeline,25,2026-01-17,90528,2025-11-15
FS0000465,2025-11-30,OPP0180,USR008,Commit,Commit,90,2025-11-26,9492,2025-11-28
FS0000466,2025-11-30,OPP0181,USR010,Qualification,Pipeline,25,2026-08-14,87768,2025-09-12
FS0000467,2025-11-30,OPP0192,USR009,Qualification,Pipeline,25,2026-08-21,72150,2025-05-09
FS0000468,2025-11-30,OPP0224,USR005,Discovery,Pipeline,10,2026-11-06,19500,
FS0000469,2025-11-30,OPP0226,USR010,Discovery,Pipeline,10,2026-01-14,40248,
FS0000470,2025-11-30,OPP0270,USR010,Solution Evaluation,Pipeline,40,2026-08-04,78862,2025-08-09
FS0000471,2025-11-30,OPP0292,USR011,Solution Evaluation,Pipeline,40,2025-12-24,34812,2025-11-30
FS0000472,2025-11-30,OPP0303,USR011,Commit,Commit,90,2025-11-04,27690,2025-11-19
FS0000473,2025-11-30,OPP0312,USR012,Qualification,Pipeline,25,2025-12-02,56760,2025-11-21
FS0000474,2025-11-30,OPP0344,USR006,Proposal,Best Case,60,2026-09-14,28440,2025-06-08
FS0000475,2025-11-30,OPP0358,USR011,Solution Evaluation,Pipeline,40,2025-12-17,61920,2025-11-22
FS0000476,2025-11-30,OPP0372,USR009,Qualification,Pipeline,25,2026-11-02,35604,2025-10-13
FS0000477,2025-11-30,OPP0385,USR009,Discovery,Pipeline,10,2026-03-02,18840,
FS0000478,2025-11-30,OPP0402,,Discovery,Pipeline,10,2025-11-28,16848,
FS0000479,2025-11-30,OPP0406,USR005,Discovery,Pipeline,10,2025-12-10,11004,
FS0000480,2025-11-30,OPP0422,USR010,Proposal,Best Case,60,2025-11-25,61540,2025-11-27
FS0000481,2025-12-31,OPP0002,USR012,Proposal,Best Case,60,2026-10-28,27832,2025-12-28
FS0000482,2025-12-31,OPP0004,USR006,Proposal,Best Case,60,2025-12-04,19536,2025-12-04
FS0000483,2025-12-31,OPP0050,USR010,Discovery,Pipeline,10,2026-01-14,38650,2025-12-29
FS0000484,2025-12-31,OPP0099,USR010,Discovery,Pipeline,10,2026-02-25,39560,2025-12-26
FS0000485,2025-12-31,OPP0106,USR010,Qualification,Pipeline,25,2026-01-27,44050,2025-12-31
FS0000486,2025-12-31,OPP0127,USR010,Qualification,Pipeline,25,2025-12-15,63648,2025-12-16
FS0000487,2025-12-31,OPP0136,USR010,Proposal,Best Case,60,2026-01-26,33012,2025-12-28
FS0000488,2025-12-31,OPP0137,USR012,Proposal,Best Case,60,2025-12-18,53186,2025-12-31
FS0000489,2025-12-31,OPP0146,USR008,Solution Evaluation,Pipeline,40,2026-01-03,27584,2025-12-29
FS0000490,2025-12-31,OPP0151,USR012,Proposal,Best Case,80,2026-01-20,90528,2025-12-20
FS0000491,2025-12-31,OPP0181,USR010,Qualification,Pipeline,25,2026-08-14,87768,2025-09-12
FS0000492,2025-12-31,OPP0192,USR009,Qualification,Pipeline,25,2026-08-21,72150,2025-12-15
FS0000493,2025-12-31,OPP0224,USR005,Discovery,Pipeline,10,2026-11-06,19500,2025-12-02
FS0000494,2025-12-31,OPP0226,USR010,Solution Evaluation,Pipeline,40,2026-01-14,40248,2025-12-18
FS0000495,2025-12-31,OPP0270,USR010,Proposal,Best Case,60,2026-08-04,78862,2025-12-31
FS0000496,2025-12-31,OPP0292,USR011,Commit,Commit,90,2026-01-09,34812,2025-12-27
FS0000497,2025-12-31,OPP0305,USR011,Discovery,Pipeline,10,2026-01-25,49050,
FS0000498,2025-12-31,OPP0312,USR012,Proposal,Best Case,60,2026-01-01,56760,2025-12-29
FS0000499,2025-12-31,OPP0344,USR006,Proposal,Best Case,60,2026-09-14,28440,2025-06-08
FS0000500,2025-12-31,OPP0358,USR011,Proposal,Best Case,60,2025-12-17,61920,2025-12-27
FS0000501,2025-12-31,OPP0372,USR009,Qualification,Best Case,25,2026-11-02,35604,2025-10-13
FS0000502,2025-12-31,OPP0382,USR006,Discovery,Pipeline,10,2026-01-16,28230,2025-12-26
FS0000503,2025-12-31,OPP0385,USR009,Qualification,Pipeline,25,2026-03-02,18840,2025-12-29
FS0000504,2025-12-31,OPP0402,,Solution Evaluation,Pipeline,40,2025-12-30,16848,2025-12-21
FS0000505,2025-12-31,OPP0406,USR005,Negotiation / Legal,Best Case,80,2025-12-29,11004,2025-12-30
FS0000506,2026-01-31,OPP0002,USR012,Proposal,Best Case,60,2026-10-28,27832,2026-01-20
FS0000507,2026-01-31,OPP0015,USR012,Discovery,Pipeline,10,2026-03-06,62628,2026-01-28
FS0000508,2026-01-31,OPP0050,USR010,Solution Evaluation,Pipeline,40,2026-02-27,38650,2026-01-31
FS0000509,2026-01-31,OPP0064,USR010,Qualification,Pipeline,25,2026-02-19,11130,2026-01-28
FS0000510,2026-01-31,OPP0073,USR012,Discovery,Pipeline,10,2026-03-22,86416,2026-01-17
FS0000511,2026-01-31,OPP0099,USR010,Qualification,Pipeline,25,2026-02-25,39560,2026-01-25
FS0000512,2026-01-31,OPP0105,USR007,Proposal,Best Case,60,2026-02-05,9348,2026-01-28
FS0000513,2026-01-31,OPP0106,USR010,Negotiation / Legal,Best Case,80,2026-01-27,44050,2025-12-31
FS0000514,2026-01-31,OPP0151,USR012,Commit,Commit,90,2026-01-10,90528,2026-01-15
FS0000515,2026-01-31,OPP0181,USR010,Solution Evaluation,Pipeline,40,2026-08-14,87768,2025-09-12
FS0000516,2026-01-31,OPP0192,USR009,Qualification,Pipeline,25,2026-08-21,72150,2025-12-15
FS0000517,2026-01-31,OPP0215,USR006,Proposal,Best Case,60,2026-02-09,11112,2026-01-27
FS0000518,2026-01-31,OPP0224,USR005,Discovery,Pipeline,10,2026-11-06,19500,2026-01-13
FS0000519,2026-01-31,OPP0226,USR010,Negotiation / Legal,Best Case,80,2026-02-13,40248,2026-01-23
FS0000520,2026-01-31,OPP0239,USR011,Discovery,Pipeline,10,2026-04-17,32844,
FS0000521,2026-01-31,OPP0243,USR007,Solution Evaluation,Commit,40,2026-01-21,11160,2026-01-29
FS0000522,2026-01-31,OPP0248,USR008,Qualification,Pipeline,25,2026-02-08,11076,2026-01-29
FS0000523,2026-01-31,OPP0268,USR005,Qualification,Pipeline,25,2026-04-03,14420,2026-01-23
FS0000524,2026-01-31,OPP0270,USR010,Proposal,Best Case,60,2026-08-04,78862,2025-12-31
FS0000525,2026-01-31,OPP0305,USR011,Proposal,Best Case,60,2026-01-25,49050,2026-01-21
FS0000526,2026-01-31,OPP0344,USR006,Negotiation / Legal,Best Case,80,2026-09-14,28440,2026-01-04
FS0000527,2026-01-31,OPP0372,USR009,Qualification,Pipeline,25,2026-11-02,35604,2025-10-13
FS0000528,2026-01-31,OPP0385,USR009,Proposal,Best Case,60,2026-03-02,18840,2026-01-30
FS0000529,2026-01-31,OPP0402,,Proposal,Best Case,60,2026-01-10,16848,2026-01-29
FS0000530,2026-02-28,OPP0002,USR012,Proposal,Best Case,60,2026-10-28,27832,2026-01-20
FS0000531,2026-02-28,OPP0015,USR012,Proposal,Best Case,60,2026-04-03,62628,2026-02-28
FS0000532,2026-02-28,OPP0042,USR012,Solution Evaluation,Pipeline,40,2026-03-07,57780,2026-02-28
FS0000533,2026-02-28,OPP0054,USR011,Qualification,Pipeline,25,2026-04-10,51084,2026-02-24
FS0000534,2026-02-28,OPP0064,USR010,Solution Evaluation,Pipeline,40,2026-03-12,11130,2026-02-04
FS0000535,2026-02-28,OPP0073,USR012,Qualification,Pipeline,25,2026-04-21,86416,2026-02-21
FS0000536,2026-02-28,OPP0099,USR010,Proposal,Best Case,60,2026-03-01,39560,2026-01-25
FS0000537,2026-02-28,OPP0103,USR008,Solution Evaluation,Pipeline,40,2026-03-04,5676,2026-02-27
FS0000538,2026-02-28,OPP0172,USR006,Proposal,Best Case,60,2026-02-23,18660,2026-02-26
FS0000539,2026-02-28,OPP0181,USR010,Solution Evaluation,Pipeline,40,2026-08-17,87768,2025-09-12
FS0000540,2026-02-28,OPP0192,USR009,Qualification,Pipeline,90,2026-08-21,72150,2025-12-15
FS0000541,2026-02-28,OPP0224,USR005,Discovery,Pipeline,10,2026-11-02,19500,2026-02-16
FS0000542,2026-02-28,OPP0229,USR005,Discovery,Pipeline,10,2026-03-15,11604,
FS0000543,2026-02-28,OPP0239,USR011,Solution Evaluation,Pipeline,40,2026-04-17,32844,2026-02-25
FS0000544,2026-02-28,OPP0248,USR008,Negotiation / Legal,Best Case,80,2026-03-09,11076,2026-02-27
FS0000545,2026-02-28,OPP0268,USR005,Solution Evaluation,Pipeline,40,2026-04-03,14420,2026-02-23
FS0000546,2026-02-28,OPP0270,USR010,Proposal,Pipeline,60,2026-08-04,78862,2025-12-31
FS0000547,2026-02-28,OPP0322,USR011,Solution Evaluation,Pipeline,40,2026-02-22,31280,2026-02-26
FS0000548,2026-02-28,OPP0344,USR006,Negotiation / Legal,Best Case,60,2026-09-14,28440,2026-02-03
FS0000549,2026-02-28,OPP0372,USR009,Qualification,Pipeline,25,2026-11-02,35604,2025-10-13
FS0000550,2026-02-28,OPP0385,USR009,Negotiation / Legal,Best Case,80,2026-03-02,18840,2026-02-21
FS0000551,2026-02-28,OPP0393,USR012,Discovery,Pipeline,10,2026-05-13,71682,2026-02-28
FS0000552,2026-02-28,OPP0402,,Negotiation / Legal,Best Case,80,2026-03-07,16848,2026-02-08
FS0000553,2026-02-28,OPP0419,USR009,Qualification,Pipeline,25,2026-04-29,81972,
FS0000554,2026-03-31,OPP0002,USR012,Proposal,Best Case,60,2026-10-28,27832,2026-01-20
FS0000555,2026-03-31,OPP0007,USR007,Discovery,Pipeline,10,2026-10-08,9012,
FS0000556,2026-03-31,OPP0020,USR012,Discovery,Pipeline,10,2026-07-03,86680,2026-03-20
FS0000557,2026-03-31,OPP0027,USR008,Discovery,Pipeline,10,2026-11-22,21308,
FS0000558,2026-03-31,OPP0042,USR012,Negotiation / Legal,Commit,80,2026-05-06,57780,2026-03-14
FS0000559,2026-03-31,OPP0054,USR011,Proposal,Best Case,60,2026-05-24,51084,2026-03-31
FS0000560,2026-03-31,OPP0064,USR010,Commit,Commit,90,2026-04-04,11130,2026-03-09
FS0000561,2026-03-31,OPP0073,USR012,Solution Evaluation,Pipeline,40,2026-04-21,86416,2026-03-14
FS0000562,2026-03-31,OPP0138,USR010,Discovery,Best Case,10,2026-08-31,32676,
FS0000563,2026-03-31,OPP0139,USR012,Qualification,Pipeline,25,2026-09-05,82368,2026-03-20
FS0000564,2026-03-31,OPP0164,USR007,Solution Evaluation,Pipeline,40,2026-04-16,11256,2026-03-28
FS0000565,2026-03-31,OPP0175,USR008,Solution Evaluation,Pipeline,40,2026-05-01,38556,2026-03-23
FS0000566,2026-03-31,OPP0181,USR010,Solution Evaluation,Pipeline,40,2026-08-17,87768,2025-09-12
FS0000567,2026-03-31,OPP0192,USR009,Qualification,Pipeline,80,2026-08-21,72150,2025-12-15
FS0000568,2026-03-31,OPP0224,USR005,Qualification,Pipeline,25,2026-11-02,19500,2026-02-16
FS0000569,2026-03-31,OPP0267,USR009,Qualification,Pipeline,25,2026-05-01,7544,2026-03-30
FS0000570,2026-03-31,OPP0268,USR005,Proposal,Best Case,60,2026-04-17,14420,2026-03-27
FS0000571,2026-03-31,OPP0270,USR010,Proposal,Best Case,60,2026-08-04,78862,2025-12-31
FS0000572,2026-03-31,OPP0318,USR011,Discovery,Pipeline,10,2026-04-11,54320,
FS0000573,2026-03-31,OPP0334,USR012,Discovery,Pipeline,10,2026-10-27,37440,
FS0000574,2026-03-31,OPP0344,USR006,Negotiation / Legal,Best Case,80,2026-10-06,28440,2026-02-03
FS0000575,2026-03-31,OPP0359,USR005,Discovery,Pipeline,10,2026-04-14,21864,
FS0000576,2026-03-31,OPP0372,USR009,Qualification,Pipeline,25,2026-11-02,35604,2026-03-04
FS0000577,2026-03-31,OPP0393,USR012,Solution Evaluation,Pipeline,40,2026-05-13,71682,2026-03-20
FS0000578,2026-03-31,OPP0417,USR011,Discovery,Pipeline,10,2026-05-17,4644,2026-03-18
FS0000579,2026-03-31,OPP0419,USR009,Proposal,Best Case,60,2026-05-13,81972,2026-03-11
FS0000580,2026-04-30,OPP0002,USR012,Proposal,Best Case,60,2026-10-28,27832,2026-01-20
FS0000581,2026-04-30,OPP0007,USR007,Qualification,Pipeline,25,2026-10-08,9012,2026-04-01
FS0000582,2026-04-30,OPP0020,USR012,Proposal,Best Case,10,2026-07-03,86680,2026-04-25
FS0000583,2026-04-30,OPP0027,USR008,Discovery,Pipeline,10,2026-11-22,21308,
FS0000584,2026-04-30,OPP0039,USR012,Discovery,Pipeline,10,2026-08-05,86112,
FS0000585,2026-04-30,OPP0138,USR010,Discovery,Pipeline,10,2026-08-24,32676,2026-04-01
FS0000586,2026-04-30,OPP0139,USR012,Qualification,Pipeline,25,2026-09-19,82368,2026-04-04
FS0000587,2026-04-30,OPP0149,USR010,Discovery,Pipeline,10,2026-07-03,52380,2026-04-10
FS0000588,2026-04-30,OPP0181,USR010,Solution Evaluation,Pipeline,40,2026-08-17,87768,2026-04-17
FS0000589,2026-04-30,OPP0192,USR009,Qualification,Pipeline,25,2026-08-21,72150,2025-12-15
FS0000590,2026-04-30,OPP0196,USR011,Discovery,Pipeline,10,2026-06-02,30720,
FS0000591,2026-04-30,OPP0208,USR009,Discovery,Pipeline,10,2026-07-05,65620,2026-04-29
FS0000592,2026-04-30,OPP0216,USR009,Discovery,Pipeline,10,2026-08-01,10308,
FS0000593,2026-04-30,OPP0224,USR005,Qualification,Pipeline,25,2026-11-02,19500,2026-02-16
FS0000594,2026-04-30,OPP0262,USR010,Discovery,Pipeline,10,2026-05-06,70416,
FS0000595,2026-04-30,OPP0267,USR009,Proposal,Best Case,25,2026-05-01,7544,2026-04-25
FS0000596,2026-04-30,OPP0270,USR010,Proposal,Best Case,60,2026-08-04,78862,2025-12-31
FS0000597,2026-04-30,OPP0318,USR011,Negotiation / Legal,Best Case,80,2026-05-14,54320,2026-04-26
FS0000598,2026-04-30,OPP0334,USR012,Discovery,Pipeline,10,2026-10-27,37440,
FS0000599,2026-04-30,OPP0344,USR006,Negotiation / Legal,Best Case,80,2026-10-06,28440,2026-02-03
FS0000600,2026-04-30,OPP0359,USR005,Solution Evaluation,Pipeline,40,2026-04-14,21864,2026-04-28
FS0000601,2026-04-30,OPP0367,USR005,Proposal,Best Case,60,2026-04-28,16524,2026-04-30
FS0000602,2026-04-30,OPP0372,USR009,Qualification,Pipeline,25,2026-11-02,35604,2026-04-07
FS0000603,2026-04-30,OPP0393,USR012,Negotiation / Legal,Best Case,80,2026-05-13,71682,2026-04-03
FS0000604,2026-04-30,OPP0413,USR012,Discovery,Pipeline,10,2026-06-14,21600,
FS0000605,2026-04-30,OPP0417,USR011,Proposal,Best Case,60,2026-05-31,4644,2026-04-20
FS0000606,2026-04-30,OPP0419,USR009,Commit,Commit,90,2026-05-13,81972,2026-04-20
FS0000607,2026-05-31,OPP0002,USR012,Proposal,Best Case,60,2026-10-28,27832,2026-01-20
FS0000608,2026-05-31,OPP0007,USR007,Qualification,Commit,25,2026-10-08,9012,2026-05-14
FS0000609,2026-05-31,OPP0018,USR010,Solution Evaluation,Pipeline,40,2026-07-26,17480,2026-05-29
FS0000610,2026-05-31,OPP0020,USR012,Negotiation / Legal,Best Case,80,2026-07-03,86680,2026-05-15
FS0000611,2026-05-31,OPP0027,USR008,Qualification,Pipeline,25,2026-11-22,21308,
FS0000612,2026-05-31,OPP0039,USR012,Qualification,Pipeline,25,2026-08-05,86112,2026-05-24
FS0000613,2026-05-31,OPP0068,USR009,Discovery,Pipeline,10,2026-07-30,50868,2026-05-30
FS0000614,2026-05-31,OPP0126,USR009,Qualification,Pipeline,25,2026-05-26,40650,2026-05-24
FS0000615,2026-05-31,OPP0138,USR010,Qualification,Pipeline,25,2026-08-24,32676,2026-05-30
FS0000616,2026-05-31,OPP0139,USR012,Solution Evaluation,Pipeline,40,2026-09-19,82368,2026-05-13
FS0000617,2026-05-31,OPP0141,USR005,Discovery,Pipeline,40,2026-12-06,31314,
FS0000618,2026-05-31,OPP0149,USR010,Qualification,Pipeline,25,2026-07-03,52380,2026-05-06
FS0000619,2026-05-31,OPP0181,USR010,Solution Evaluation,Pipeline,40,2026-08-07,87768,2026-04-17
FS0000620,2026-05-31,OPP0192,USR009,Qualification,Pipeline,25,2026-08-21,72150,2025-12-15
FS0000621,2026-05-31,OPP0196,USR011,Solution Evaluation,Pipeline,40,2026-06-02,30720,2026-05-29
FS0000622,2026-05-31,OPP0208,USR009,Qualification,Pipeline,25,2026-07-27,65620,2026-05-17
FS0000623,2026-05-31,OPP0216,USR009,Qualification,Pipeline,25,2026-07-25,10308,2026-05-26
FS0000624,2026-05-31,OPP0224,USR005,Qualification,Pipeline,25,2026-11-02,19500,2026-02-16
FS0000625,2026-05-31,OPP0228,USR012,Discovery,Pipeline,10,2026-10-26,29260,
FS0000626,2026-05-31,OPP0260,USR012,Qualification,Pipeline,25,2026-09-19,62720,
FS0000627,2026-05-31,OPP0262,USR010,Solution Evaluation,Pipeline,40,2026-05-06,70416,2026-05-28
FS0000628,2026-05-31,OPP0267,USR009,Commit,Commit,90,2026-06-07,7544,2026-05-31
FS0000629,2026-05-31,OPP0269,USR007,Proposal,Commit,60,2026-06-10,17420,2026-05-26
FS0000630,2026-05-31,OPP0270,USR010,Proposal,Best Case,60,2026-08-04,78862,2025-12-31
FS0000631,2026-05-31,OPP0334,USR012,Discovery,Pipeline,10,2026-11-03,37440,2026-05-01
FS0000632,2026-05-31,OPP0344,USR006,Negotiation / Legal,Best Case,80,2026-10-06,28440,2026-05-25
FS0000633,2026-05-31,OPP0372,USR009,Qualification,Pipeline,25,2026-11-02,35604,2026-04-07
FS0000634,2026-05-31,OPP0374,USR010,Discovery,Pipeline,10,2026-11-01,65108,
FS0000635,2026-05-31,OPP0413,USR012,Solution Evaluation,Pipeline,40,2026-06-14,21600,2026-05-27
FS0000636,2026-05-31,OPP0417,USR011,Negotiation / Legal,Best Case,80,2026-05-31,4644,2026-05-31
FS0000637,2026-06-30,OPP0002,USR012,Proposal,Best Case,60,2026-10-28,27832,2026-01-20
FS0000638,2026-06-30,OPP0007,USR007,Proposal,Best Case,60,2026-10-08,9012,2026-06-14
FS0000639,2026-06-30,OPP0009,USR009,Discovery,Pipeline,10,2026-08-27,72756,
FS0000640,2026-06-30,OPP0018,USR010,Negotiation / Legal,Best Case,80,2026-07-26,17480,2026-06-17
FS0000641,2026-06-30,OPP0021,USR011,Solution Evaluation,Pipeline,40,2026-06-23,11136,2026-06-24
FS0000642,2026-06-30,OPP0023,USR008,Discovery,Pipeline,10,2026-07-10,18620,
FS0000643,2026-06-30,OPP0027,USR008,Solution Evaluation,Pipeline,40,2026-11-22,21308,2026-06-21
FS0000644,2026-06-30,OPP0028,USR009,Proposal,Best Case,60,2026-07-20,17658,2026-06-09
FS0000645,2026-06-30,OPP0039,USR012,Proposal,Pipeline,60,2026-08-05,86112,2026-06-14
FS0000646,2026-06-30,OPP0053,USR006,Discovery,Pipeline,10,2026-09-25,32130,2026-06-28
FS0000647,2026-06-30,OPP0062,USR012,Discovery,Pipeline,10,2026-08-04,49680,
FS0000648,2026-06-30,OPP0068,USR009,Proposal,Best Case,60,2026-07-30,50868,2026-06-23
FS0000649,2026-06-30,OPP0070,USR007,Proposal,Best Case,60,2026-07-27,17556,2026-06-29
FS0000650,2026-06-30,OPP0111,USR010,Discovery,Pipeline,10,2026-08-22,73520,2026-06-24
FS0000651,2026-06-30,OPP0126,USR009,Proposal,Best Case,60,2026-07-02,40650,2026-06-25
FS0000652,2026-06-30,OPP0134,USR005,Discovery,Pipeline,10,2026-10-24,14148,
FS0000653,2026-06-30,OPP0138,USR010,Proposal,Best Case,60,2026-08-24,32676,2026-06-18
FS0000654,2026-06-30,OPP0139,USR012,Proposal,Best Case,60,2026-09-19,82368,2026-06-16
FS0000655,2026-06-30,OPP0141,USR005,Discovery,Pipeline,10,2026-12-06,31314,2026-06-26
FS0000656,2026-06-30,OPP0149,USR010,Solution Evaluation,Pipeline,40,2026-09-16,52380,2026-05-06
FS0000657,2026-06-30,OPP0181,USR010,Solution Evaluation,Pipeline,40,2026-08-07,87768,2026-04-17
FS0000658,2026-06-30,OPP0182,USR010,Discovery,Pipeline,10,2026-08-23,46050,2026-06-29
FS0000659,2026-06-30,OPP0192,USR009,Qualification,Pipeline,25,2026-08-21,72150,2026-06-19
FS0000660,2026-06-30,OPP0196,USR011,Negotiation / Legal,Best Case,80,2026-06-16,30720,2026-06-24
FS0000661,2026-06-30,OPP0197,USR005,Negotiation / Legal,Best Case,80,2026-07-05,28530,2026-06-25
FS0000662,2026-06-30,OPP0198,USR009,Qualification,Pipeline,25,2026-07-24,79520,
FS0000663,2026-06-30,OPP0200,USR007,Discovery,Pipeline,10,2026-07-11,11148,2026-06-29
FS0000664,2026-06-30,OPP0208,USR009,Proposal,Best Case,60,2026-08-18,65620,2026-06-28
FS0000665,2026-06-30,OPP0216,USR009,Negotiation / Legal,Best Case,80,2026-07-25,10308,2026-06-24
FS0000666,2026-06-30,OPP0224,USR005,Qualification,Pipeline,25,2026-11-02,19500,2026-02-16
FS0000667,2026-06-30,OPP0228,USR012,Solution Evaluation,Pipeline,40,2026-10-12,29260,2026-06-30
FS0000668,2026-06-30,OPP0260,USR012,Solution Evaluation,Pipeline,40,2026-09-19,62720,2026-06-23
FS0000669,2026-06-30,OPP0262,USR010,Negotiation / Legal,Best Case,80,2026-06-25,70416,2026-06-22
FS0000670,2026-06-30,OPP0270,USR010,Commit,Best Case,90,2026-08-04,78862,2025-12-31
FS0000671,2026-06-30,OPP0274,USR011,Discovery,Pipeline,10,2026-08-25,58200,
FS0000672,2026-06-30,OPP0298,USR010,Qualification,Pipeline,25,2026-06-23,63000,2026-06-22
FS0000673,2026-06-30,OPP0316,USR009,Qualification,Pipeline,25,2026-09-17,37886,2026-06-26
FS0000674,2026-06-30,OPP0334,USR012,Qualification,Best Case,25,2026-11-10,37440,2026-06-27
FS0000675,2026-06-30,OPP0344,USR006,Commit,Commit,90,2026-10-06,28440,2026-06-22
FS0000676,2026-06-30,OPP0348,USR011,Discovery,Pipeline,10,2026-09-12,29340,2026-06-24
FS0000677,2026-06-30,OPP0372,USR009,Qualification,Pipeline,25,2026-11-02,35604,2026-04-07
FS0000678,2026-06-30,OPP0374,USR010,Qualification,Pipeline,25,2026-11-01,65108,2026-06-30
FS0000679,2026-06-30,OPP0384,USR010,Discovery,Pipeline,10,2026-08-28,45000,
FS0000680,2026-06-30,OPP0386,,Qualification,Pipeline,25,2026-07-13,16566,2026-06-30
FS0000681,2026-06-30,OPP0392,USR006,Qualification,Pipeline,25,2026-08-27,23400,
FS0000682,2026-06-30,OPP0413,USR012,Proposal,Best Case,60,2026-07-21,21600,2026-06-14
FS0000683,2026-06-30,OPP0414,USR012,Solution Evaluation,Pipeline,40,2026-07-05,50280,2026-06-19
FS0000684,2026-07-31,OPP0002,USR012,Proposal,Best Case,60,2026-10-28,27832,2026-01-20
FS0000685,2026-07-31,OPP0007,USR007,Proposal,Best Case,60,2026-11-07,9012,2026-07-20
FS0000686,2026-07-31,OPP0009,USR009,Discovery,Pipeline,10,2026-08-27,72756,
FS0000687,2026-07-31,OPP0023,USR008,Solution Evaluation,Pipeline,40,2026-08-06,18620,2026-07-22
FS0000688,2026-07-31,OPP0027,USR008,Solution Evaluation,Pipeline,40,2026-11-22,21308,2026-07-28
FS0000689,2026-07-31,OPP0030,USR007,Qualification,Pipeline,25,2026-07-23,16362,2026-07-30
FS0000690,2026-07-31,OPP0034,USR010,Solution Evaluation,Pipeline,40,2026-08-13,8088,2026-07-30
FS0000691,2026-07-31,OPP0039,USR012,Commit,Commit,90,2026-08-05,86112,2026-07-29
FS0000692,2026-07-31,OPP0043,USR011,Qualification,Pipeline,25,2026-10-20,31314,2026-07-31
FS0000693,2026-07-31,OPP0051,USR010,Discovery,Pipeline,10,2026-08-02,30158,2026-07-23
FS0000694,2026-07-31,OPP0053,USR006,Solution Evaluation,Pipeline,40,2026-09-25,32130,2026-07-25
FS0000695,2026-07-31,OPP0062,USR012,Qualification,Pipeline,25,2026-08-15,49680,2026-07-31
FS0000696,2026-07-31,OPP0068,USR009,Commit,Commit,90,2026-08-08,50868,2026-07-17
FS0000697,2026-07-31,OPP0072,USR007,Discovery,Pipeline,10,2026-11-04,16344,2026-07-31
FS0000698,2026-07-31,OPP0075,USR008,Discovery,Pipeline,10,2026-10-02,29736,
FS0000699,2026-07-31,OPP0085,USR006,Discovery,Best Case,10,2026-10-24,23424,2026-07-31
FS0000700,2026-07-31,OPP0091,USR005,Solution Evaluation,Pipeline,40,2026-07-31,27900,2026-07-31
FS0000701,2026-07-31,OPP0097,USR007,Solution Evaluation,Commit,40,2026-08-13,17620,2026-07-28
FS0000702,2026-07-31,OPP0111,USR010,Solution Evaluation,Pipeline,40,2026-09-06,73520,2026-07-29
FS0000703,2026-07-31,OPP0117,USR006,Qualification,Pipeline,25,2026-09-02,21888,2026-07-31
FS0000704,2026-07-31,OPP0119,USR006,Qualification,Pipeline,25,2026-07-22,18520,2026-07-09
FS0000705,2026-07-31,OPP0120,USR010,Discovery,Pipeline,10,2026-10-29,65520,2026-07-31
FS0000706,2026-07-31,OPP0123,USR005,Qualification,Pipeline,25,2026-07-30,11184,2026-07-26
FS0000707,2026-07-31,OPP0134,USR005,Solution Evaluation,Pipeline,40,2026-10-24,14148,2026-07-26
FS0000708,2026-07-31,OPP0138,USR010,Proposal,Best Case,60,2026-08-24,32676,2026-07-17
FS0000709,2026-07-31,OPP0139,USR012,Negotiation / Legal,Best Case,80,2026-09-19,82368,2026-06-16
FS0000710,2026-07-31,OPP0141,USR005,Qualification,Pipeline,25,2026-12-06,31314,2026-06-26
FS0000711,2026-07-31,OPP0149,USR010,Proposal,Best Case,60,2026-09-16,52380,2026-07-06
FS0000712,2026-07-31,OPP0162,USR006,Qualification,Pipeline,25,2026-11-01,27810,2026-07-25
FS0000713,2026-07-31,OPP0165,USR012,Qualification,Pipeline,25,2026-08-26,43286,
FS0000714,2026-07-31,OPP0176,USR006,Discovery,Pipeline,10,2026-10-13,26124,
FS0000715,2026-07-31,OPP0181,USR010,Solution Evaluation,Pipeline,40,2026-08-07,87768,2026-04-17
FS0000716,2026-07-31,OPP0182,USR010,Proposal,Best Case,60,2026-08-23,46050,2026-07-28
FS0000717,2026-07-31,OPP0192,USR009,Qualification,Pipeline,40,2026-08-21,72150,2026-06-19
FS0000718,2026-07-31,OPP0193,USR006,Discovery,Pipeline,10,2026-08-31,19180,
FS0000719,2026-07-31,OPP0198,USR009,Solution Evaluation,Pipeline,40,2026-08-16,79520,2026-07-27
FS0000720,2026-07-31,OPP0200,USR007,Commit,Commit,90,2026-07-09,11148,2026-07-28
FS0000721,2026-07-31,OPP0205,USR005,Qualification,Pipeline,25,2026-08-29,15840,2026-07-30
FS0000722,2026-07-31,OPP0221,USR008,Discovery,Pipeline,10,2026-10-25,24288,2026-07-27
FS0000723,2026-07-31,OPP0224,USR005,Qualification,Pipeline,25,2026-11-02,19500,2026-02-16
FS0000724,2026-07-31,OPP0225,USR006,Discovery,Pipeline,10,2026-09-16,19900,
FS0000725,2026-07-31,OPP0228,USR012,Proposal,Best Case,60,2026-10-12,29260,2026-07-19
FS0000726,2026-07-31,OPP0232,USR010,Qualification,Pipeline,25,2026-08-04,69636,
FS0000727,2026-07-31,OPP0249,USR008,Discovery,Pipeline,10,2026-07-30,15780,2026-07-30
FS0000728,2026-07-31,OPP0250,USR012,Discovery,Pipeline,10,2026-10-01,74400,
FS0000729,2026-07-31,OPP0256,USR011,Discovery,Pipeline,10,2026-10-17,41446,
FS0000730,2026-07-31,OPP0257,USR012,Qualification,Pipeline,25,2026-09-15,70512,2026-07-25
FS0000731,2026-07-31,OPP0260,USR012,Proposal,Best Case,60,2026-09-19,62720,2026-07-23
FS0000732,2026-07-31,OPP0270,USR010,Commit,Commit,90,2026-08-04,78862,2025-12-31
FS0000733,2026-07-31,OPP0274,USR011,Solution Evaluation,Pipeline,40,2026-08-27,58200,2026-07-18
FS0000734,2026-07-31,OPP0284,USR006,Negotiation / Legal,Best Case,80,2026-08-14,28896,2026-07-31
FS0000735,2026-07-31,OPP0298,USR010,Negotiation / Legal,Best Case,80,2026-07-08,63000,2026-07-31
FS0000736,2026-07-31,OPP0299,USR006,Discovery,Pipeline,10,2026-11-07,33800,2026-07-30
FS0000737,2026-07-31,OPP0306,USR008,Qualification,Pipeline,25,2026-10-13,18240,2026-07-23
FS0000738,2026-07-31,OPP0316,USR009,Negotiation / Legal,Best Case,80,2026-09-17,37886,2026-06-26
FS0000739,2026-07-31,OPP0319,USR006,Qualification,Pipeline,25,2026-10-27,20496,2026-07-25
FS0000740,2026-07-31,OPP0323,USR012,Discovery,Pipeline,10,2026-09-14,28980,2026-07-29
FS0000741,2026-07-31,OPP0334,USR012,Qualification,Pipeline,25,2026-11-10,37440,2026-07-09
FS0000742,2026-07-31,OPP0335,USR012,Discovery,Pipeline,10,2026-08-09,56700,
FS0000743,2026-07-31,OPP0340,USR007,Discovery,Pipeline,90,2026-10-05,22074,2026-07-24
FS0000744,2026-07-31,OPP0344,USR006,Commit,Commit,90,2026-10-06,28440,2026-06-22
FS0000745,2026-07-31,OPP0348,USR011,Qualification,Pipeline,25,2026-09-26,29340,2026-06-24
FS0000746,2026-07-31,OPP0365,USR006,Qualification,Pipeline,25,2026-07-18,10992,2026-07-27
FS0000747,2026-07-31,OPP0370,USR010,Discovery,Pipeline,10,2026-11-03,20592,
FS0000748,2026-07-31,OPP0371,USR010,Discovery,Pipeline,90,2026-08-30,76712,
FS0000749,2026-07-31,OPP0372,USR009,Qualification,Pipeline,25,2026-11-02,35604,2026-04-07
FS0000750,2026-07-31,OPP0374,USR010,Solution Evaluation,Pipeline,40,2026-11-08,65108,2026-07-27
FS0000751,2026-07-31,OPP0384,USR010,Proposal,Best Case,60,2026-08-28,45000,2026-07-26
FS0000752,2026-07-31,OPP0386,,Solution Evaluation,Pipeline,40,2026-08-12,16566,2026-07-30
FS0000753,2026-07-31,OPP0388,USR009,Discovery,Pipeline,10,2026-08-13,11208,
FS0000754,2026-07-31,OPP0392,USR006,Solution Evaluation,Pipeline,40,2026-09-10,23400,2026-07-25
FS0000755,2026-07-31,OPP0400,USR010,Discovery,Pipeline,10,2026-10-05,39840,
FS0000756,2026-07-31,OPP0403,USR006,Qualification,Pipeline,25,2026-09-30,10884,2026-07-26
FS0000757,2026-07-31,OPP0413,USR012,Negotiation / Legal,Best Case,80,2026-08-12,21600,2026-07-30
FS0000758,2026-07-31,OPP0414,USR012,Proposal,Best Case,60,2026-08-04,50280,2026-07-26
FS0000759,2026-07-31,OPP0418,USR012,Qualification,Commit,25,2026-09-06,65808,2026-07-18
FS0000760,2026-08-31,OPP0002,USR012,Proposal,Best Case,60,2026-10-28,27832,2026-01-20
FS0000761,2026-08-31,OPP0006,USR010,Discovery,Pipeline,10,2026-10-12,99200,2026-08-31
FS0000762,2026-08-31,OPP0007,USR007,Proposal,Best Case,60,2026-11-07,9012,2026-08-25
FS0000763,2026-08-31,OPP0009,USR009,Discovery,Pipeline,10,2026-11-02,72756,2026-08-25
FS0000764,2026-08-31,OPP0010,USR006,Qualification,Pipeline,25,2026-10-29,19920,2026-08-25
FS0000765,2026-08-31,OPP0011,USR009,Qualification,Pipeline,25,2026-11-14,63882,2026-08-27
FS0000766,2026-08-31,OPP0014,USR007,Solution Evaluation,Pipeline,40,2026-10-14,32046,2026-08-18
FS0000767,2026-08-31,OPP0019,USR012,Discovery,Pipeline,10,2026-11-05,28350,2026-08-30
FS0000768,2026-08-31,OPP0023,USR008,Negotiation / Legal,Best Case,80,2026-08-06,18620,2026-08-11
FS0000769,2026-08-31,OPP0027,USR008,Solution Evaluation,Pipeline,40,2026-11-22,21308,2026-08-31
FS0000770,2026-08-31,OPP0030,USR007,Solution Evaluation,Pipeline,40,2026-08-15,16362,2026-08-30
FS0000771,2026-08-31,OPP0032,USR008,Discovery,Pipeline,10,2026-12-02,25290,
FS0000772,2026-08-31,OPP0033,USR006,Solution Evaluation,Pipeline,40,2026-10-22,29490,2026-08-29
FS0000773,2026-08-31,OPP0034,USR010,Negotiation / Legal,Best Case,80,2026-09-26,8088,2026-08-29
FS0000774,2026-08-31,OPP0043,USR011,Solution Evaluation,Pipeline,40,2026-10-06,31314,2026-08-17
FS0000775,2026-08-31,OPP0051,USR010,Proposal,Best Case,60,2026-09-11,30158,2026-08-30
FS0000776,2026-08-31,OPP0053,USR006,Negotiation / Legal,Best Case,80,2026-10-02,32130,2026-08-15
FS0000777,2026-08-31,OPP0058,USR007,Discovery,Pipeline,10,2026-12-01,32688,2026-08-30
FS0000778,2026-08-31,OPP0060,USR006,Discovery,Pipeline,10,2026-10-23,10848,2026-08-26
FS0000779,2026-08-31,OPP0062,USR012,Proposal,Best Case,60,2026-09-17,49680,2026-08-09
FS0000780,2026-08-31,OPP0065,USR007,Solution Evaluation,Pipeline,40,2026-08-30,41958,2026-08-31
FS0000781,2026-08-31,OPP0071,USR012,Discovery,Pipeline,10,2026-11-22,30552,2026-08-30
FS0000782,2026-08-31,OPP0072,USR007,Solution Evaluation,Pipeline,40,2026-11-04,16344,2026-08-24
FS0000783,2026-08-31,OPP0075,USR008,Solution Evaluation,Pipeline,40,2026-10-02,29736,2026-08-18
FS0000784,2026-08-31,OPP0083,USR011,Solution Evaluation,Pipeline,40,2026-08-27,28200,2026-08-17
FS0000785,2026-08-31,OPP0085,USR006,Solution Evaluation,Pipeline,40,2026-10-24,23424,2026-08-09
FS0000786,2026-08-31,OPP0087,USR011,Discovery,Pipeline,10,2026-09-24,55260,2026-08-31
FS0000787,2026-08-31,OPP0089,USR006,Solution Evaluation,Pipeline,40,2026-08-30,8280,2026-08-25
FS0000788,2026-08-31,OPP0095,USR006,Discovery,Pipeline,10,2026-12-16,38892,
FS0000789,2026-08-31,OPP0104,,Solution Evaluation,Pipeline,40,2026-08-31,27780,2026-08-25
FS0000790,2026-08-31,OPP0107,USR012,Discovery,Pipeline,10,2026-09-23,49100,2026-08-22
FS0000791,2026-08-31,OPP0111,USR010,Negotiation / Legal,Best Case,80,2026-09-28,73520,2026-08-06
FS0000792,2026-08-31,OPP0114,USR005,Solution Evaluation,Pipeline,40,2026-09-28,25636,2026-08-29
FS0000793,2026-08-31,OPP0117,USR006,Proposal,Best Case,60,2026-09-02,21888,2026-08-09
FS0000794,2026-08-31,OPP0119,USR006,Negotiation / Legal,Best Case,80,2026-08-21,18520,2026-08-31
FS0000795,2026-08-31,OPP0120,USR010,Solution Evaluation,Pipeline,40,2026-10-29,65520,2026-08-25
FS0000796,2026-08-31,OPP0121,USR008,Qualification,Pipeline,25,2026-11-22,28692,2026-08-28
FS0000797,2026-08-31,OPP0123,USR005,Negotiation / Legal,Best Case,80,2026-09-12,11184,2026-08-04
FS0000798,2026-08-31,OPP0125,USR006,Solution Evaluation,Pipeline,40,2026-10-21,15824,2026-08-29
FS0000799,2026-08-31,OPP0134,USR005,Proposal,Best Case,60,2026-10-24,14148,2026-08-12
FS0000800,2026-08-31,OPP0138,USR010,Negotiation / Legal,Best Case,80,2026-08-24,32676,2026-07-17
FS0000801,2026-08-31,OPP0139,USR012,Negotiation / Legal,Best Case,80,2026-10-03,82368,2026-08-26
FS0000802,2026-08-31,OPP0141,USR005,Qualification,Pipeline,60,2026-12-06,31314,2026-08-17
FS0000803,2026-08-31,OPP0149,USR010,Negotiation / Legal,Best Case,80,2026-09-16,52380,2026-08-06
FS0000804,2026-08-31,OPP0160,USR012,Qualification,Pipeline,25,2026-09-15,23130,2026-08-31
FS0000805,2026-08-31,OPP0162,USR006,Solution Evaluation,Pipeline,40,2026-11-01,27810,2026-08-23
FS0000806,2026-08-31,OPP0165,USR012,Proposal,Best Case,60,2026-10-03,43286,2026-08-25
FS0000807,2026-08-31,OPP0168,USR011,Solution Evaluation,Pipeline,40,2026-10-11,88298,2026-08-29
FS0000808,2026-08-31,OPP0176,USR006,Solution Evaluation,Pipeline,40,2026-10-13,26124,
FS0000809,2026-08-31,OPP0177,USR012,Qualification,Pipeline,25,2026-09-25,78016,2026-08-22
FS0000810,2026-08-31,OPP0178,USR009,Discovery,Pipeline,10,2026-12-19,61404,
FS0000811,2026-08-31,OPP0179,USR009,Discovery,Pipeline,10,2026-10-26,43194,2026-08-29
FS0000812,2026-08-31,OPP0181,USR010,Solution Evaluation,Pipeline,40,2026-08-07,87768,2026-04-17
FS0000813,2026-08-31,OPP0188,USR011,Proposal,Best Case,60,2026-09-09,53256,2026-08-28
FS0000814,2026-08-31,OPP0192,USR009,Qualification,Pipeline,25,2026-08-21,72150,2026-06-19
FS0000815,2026-08-31,OPP0193,USR006,Solution Evaluation,Pipeline,40,2026-08-31,19180,2026-08-23
FS0000816,2026-08-31,OPP0198,USR009,Negotiation / Legal,Best Case,80,2026-08-16,79520,2026-08-10
FS0000817,2026-08-31,OPP0203,USR007,Discovery,Pipeline,10,2026-11-10,9144,
FS0000818,2026-08-31,OPP0205,USR005,Solution Evaluation,Pipeline,40,2026-10-13,15840,2026-07-30
FS0000819,2026-08-31,OPP0207,USR010,Discovery,Pipeline,10,2026-09-13,59700,
FS0000820,2026-08-31,OPP0212,USR012,Discovery,Pipeline,10,2026-10-29,18400,2026-08-29
FS0000821,2026-08-31,OPP0217,USR009,Qualification,Pipeline,25,2026-08-27,48050,2026-08-25
FS0000822,2026-08-31,OPP0220,,Proposal,Best Case,60,2026-08-23,15264,2026-08-31
FS0000823,2026-08-31,OPP0221,USR008,Solution Evaluation,Pipeline,40,2026-10-25,24288,2026-08-25
FS0000824,2026-08-31,OPP0224,USR005,Qualification,Pipeline,25,2026-11-02,19500,2026-08-24
FS0000825,2026-08-31,OPP0225,USR006,Proposal,Best Case,60,2026-10-14,19900,2026-08-30
FS0000826,2026-08-31,OPP0228,USR012,Negotiation / Legal,Best Case,80,2026-10-12,29260,2026-08-16
FS0000827,2026-08-31,OPP0232,USR010,Solution Evaluation,Pipeline,40,2026-10-16,69636,2026-08-18
FS0000828,2026-08-31,OPP0249,USR008,Solution Evaluation,Pipeline,40,2026-09-13,15780,2026-08-28
FS0000829,2026-08-31,OPP0250,USR012,Qualification,Pipeline,25,2026-10-01,74400,2026-08-11
FS0000830,2026-08-31,OPP0255,USR012,Discovery,Pipeline,10,2026-09-26,48150,
FS0000831,2026-08-31,OPP0256,USR011,Solution Evaluation,Pipeline,40,2026-10-17,41446,2026-08-17
FS0000832,2026-08-31,OPP0257,USR012,Proposal,Best Case,60,2026-09-25,70512,2026-08-25
FS0000833,2026-08-31,OPP0258,USR009,Discovery,Pipeline,10,2026-08-11,29850,2026-08-30
FS0000834,2026-08-31,OPP0260,USR012,Negotiation / Legal,Best Case,80,2026-10-03,62720,2026-08-11
FS0000835,2026-08-31,OPP0266,USR006,Solution Evaluation,Pipeline,40,2026-11-03,14640,
FS0000836,2026-08-31,OPP0270,USR010,Commit,Commit,90,2026-08-04,78862,2025-12-31
FS0000837,2026-08-31,OPP0272,USR011,Qualification,Pipeline,25,2026-10-16,25770,2026-08-30
FS0000838,2026-08-31,OPP0273,USR010,Discovery,Commit,10,2026-10-29,29602,
FS0000839,2026-08-31,OPP0274,USR011,Negotiation / Legal,Best Case,80,2026-09-03,58200,2026-08-22
FS0000840,2026-08-31,OPP0279,USR005,Discovery,Commit,10,2026-11-09,23070,
FS0000841,2026-08-31,OPP0283,USR011,Solution Evaluation,Pipeline,40,2026-09-30,44390,2026-08-26
FS0000842,2026-08-31,OPP0299,USR006,Solution Evaluation,Pipeline,40,2026-11-14,33800,2026-08-31
FS0000843,2026-08-31,OPP0302,USR011,Qualification,Pipeline,25,2026-08-03,56840,
FS0000844,2026-08-31,OPP0306,USR008,Solution Evaluation,Pipeline,40,2026-10-27,18240,2026-08-24
FS0000845,2026-08-31,OPP0309,USR011,Discovery,Pipeline,10,2026-09-22,28170,2026-08-29
FS0000846,2026-08-31,OPP0316,USR009,Commit,Commit,90,2026-09-03,37886,2026-08-27
FS0000847,2026-08-31,OPP0319,USR006,Solution Evaluation,Pipeline,40,2026-10-27,20496,2026-08-26
FS0000848,2026-08-31,OPP0321,USR012,Solution Evaluation,Pipeline,40,2026-11-02,69116,
FS0000849,2026-08-31,OPP0323,USR012,Solution Evaluation,Pipeline,40,2026-09-14,28980,2026-08-16
FS0000850,2026-08-31,OPP0324,USR010,Qualification,Pipeline,25,2026-10-26,68544,
FS0000851,2026-08-31,OPP0326,USR009,Discovery,Pipeline,10,2026-10-23,33300,
FS0000852,2026-08-31,OPP0328,USR006,Qualification,Pipeline,25,2026-09-28,45300,2026-08-26
FS0000853,2026-08-31,OPP0332,USR005,Discovery,Pipeline,10,2026-10-31,19160,2026-08-31
FS0000854,2026-08-31,OPP0334,USR012,Qualification,Pipeline,25,2026-11-10,37440,2026-08-30
FS0000855,2026-08-31,OPP0335,USR012,Proposal,Best Case,60,2026-09-06,56700,2026-08-30
FS0000856,2026-08-31,OPP0340,USR007,Proposal,Best Case,60,2026-10-15,22074,2026-08-28
FS0000857,2026-08-31,OPP0341,USR011,Discovery,Pipeline,10,2026-10-31,60918,2026-08-29
FS0000858,2026-08-31,OPP0344,USR006,Commit,Commit,90,2026-10-06,28440,2026-06-22
FS0000859,2026-08-31,OPP0348,USR011,Solution Evaluation,Pipeline,40,2026-09-26,29340,2026-08-27
FS0000860,2026-08-31,OPP0349,USR010,Discovery,Pipeline,10,2026-10-16,80256,2026-08-31
FS0000861,2026-08-31,OPP0361,USR010,Discovery,Pipeline,10,2026-12-11,64124,2026-08-30
FS0000862,2026-08-31,OPP0362,USR012,Discovery,Pipeline,10,2026-10-11,39688,2026-08-29
FS0000863,2026-08-31,OPP0365,USR006,Solution Evaluation,Pipeline,40,2026-08-31,10992,2026-08-31
FS0000864,2026-08-31,OPP0369,USR008,Discovery,Pipeline,10,2026-10-31,20834,
FS0000865,2026-08-31,OPP0370,USR010,Qualification,Pipeline,25,2026-11-03,20592,
FS0000866,2026-08-31,OPP0371,USR010,Solution Evaluation,Pipeline,40,2026-10-10,76712,2026-08-24
FS0000867,2026-08-31,OPP0372,USR009,Qualification,Pipeline,25,2026-11-02,35604,2026-08-08
FS0000868,2026-08-31,OPP0374,USR010,Proposal,Best Case,60,2026-11-08,65108,2026-07-27
FS0000869,2026-08-31,OPP0378,USR009,Discovery,Pipeline,10,2026-10-11,15104,2026-08-26
FS0000870,2026-08-31,OPP0380,USR007,Discovery,Pipeline,10,2026-09-06,15184,2026-08-31
FS0000871,2026-08-31,OPP0383,USR007,Discovery,Pipeline,10,2026-11-27,15020,2026-08-31
FS0000872,2026-08-31,OPP0384,USR010,Negotiation / Legal,Best Case,80,2026-08-28,45000,2026-08-27
FS0000873,2026-08-31,OPP0386,,Negotiation / Legal,Best Case,80,2026-10-11,16566,2026-07-30
FS0000874,2026-08-31,OPP0388,USR009,Proposal,Best Case,60,2026-09-12,11208,2026-08-18
FS0000875,2026-08-31,OPP0391,USR010,Qualification,Pipeline,25,2026-09-09,37850,2026-08-26
FS0000876,2026-08-31,OPP0392,USR006,Negotiation / Legal,Best Case,80,2026-10-08,23400,2026-08-20
FS0000877,2026-08-31,OPP0399,USR006,Discovery,Pipeline,10,2026-08-29,13986,2026-08-26
FS0000878,2026-08-31,OPP0400,USR010,Qualification,Pipeline,25,2026-10-05,39840,
FS0000879,2026-08-31,OPP0403,USR006,Solution Evaluation,Pipeline,40,2026-10-07,10884,2026-08-30
FS0000880,2026-08-31,OPP0408,USR005,Solution Evaluation,Pipeline,40,2026-10-19,23490,2026-08-27
FS0000881,2026-08-31,OPP0412,USR012,Discovery,Pipeline,10,2026-09-14,80168,
FS0000882,2026-08-31,OPP0414,USR012,Commit,Commit,90,2026-08-04,50280,2026-08-27
FS0000883,2026-08-31,OPP0418,USR012,Solution Evaluation,Best Case,40,2026-10-20,65808,2026-07-18
FS0000884,2026-08-31,OPP0421,USR009,Discovery,Commit,10,2026-10-22,32616,2026-08-31
FS0000885,2026-08-31,OPP0424,USR011,Solution Evaluation,Pipeline,40,2026-09-05,27870,2026-08-31
